2217;3;10;14;16;30;32;36;0;
2216;7;10;24;42;43;48;49;0;
2215;4;1;19;21;23;33;43;0;
2214;7;4;10;18;30;34;47;0;
2213;4;5;7;10;32;46;60;1;
2212;7;23;26;51;52;53;58;0;
2211;4;27;36;40;41;44;54;0;
2210;7;11;17;24;25;33;34;0;
2209;4;22;25;28;32;33;47;0;
2208;7;16;25;30;40;45;49;0;
2207;4;6;10;11;43;53;55;0;
2206;7;6;27;38;42;45;57;0;
2205;4;12;21;28;37;42;57;1;
2204;2;1;28;29;32;35;56;0;
2203;4;17;34;46;49;50;57;0;
2202;7;11;29;37;38;43;60;0;
2201;5;3;13;23;41;49;53;0;
2200;3;11;15;28;36;43;55;0;
2199;7;15;23;30;35;38;44;0;
2198;4;1;11;34;36;44;56;1;
2197;2;3;11;29;35;44;57;0;
2196;4;1;25;27;28;41;56;0;
2195;7;14;24;32;38;46;53;0;
2194;4;8;16;20;21;31;34;0;
2193;7;7;8;22;27;29;42;1;
2192;5;7;16;37;53;57;59;0;
2191;3;4;8;26;33;46;53;1;
2190;7;5;9;20;25;35;53;0;
2189;4;4;11;16;22;29;33;1;
2188;7;2;17;21;28;51;60;0;
2187;4;10;11;16;21;46;50;0;
2186;2;12;18;19;27;41;46;0;
2185;4;9;18;19;22;42;47;0;
2184;7;15;36;45;51;52;59;0;
2183;4;13;26;30;34;43;51;0;
2182;7;19;22;39;46;47;59;0;
2181;4;1;8;19;33;36;48;0;
2180;7;10;12;16;21;28;38;0;
2179;4;2;13;24;35;50;54;0;
2178;7;2;16;21;42;50;56;0;
2177;5;9;11;14;31;48;51;0;
2176;3;8;23;25;39;43;44;1;
2175;7;7;25;32;43;53;55;0;
2174;4;10;15;34;36;56;60;0;
2173;7;2;9;42;44;48;50;0;
2172;4;9;24;28;37;43;57;0;
2171;7;12;13;19;36;44;55;1;
2170;4;10;21;24;36;38;51;0;
2169;7;7;34;45;51;54;59;0;
2168;5;1;4;25;27;29;37;1;
2167;3;27;37;38;43;45;54;0;
2166;7;3;19;34;44;56;58;0;
2165;4;5;37;43;49;54;56;1;
2164;7;16;17;25;47;48;58;0;
2163;4;8;18;20;24;36;45;0;
2162;7;11;16;22;30;34;42;0;
2161;4;8;9;10;24;42;44;1;
2160;7;1;19;46;47;49;53;0;
2159;4;14;26;35;38;45;53;0;
2158;7;9;27;35;45;46;59;0;
2157;4;31;33;34;35;39;48;0;
2156;7;1;6;23;26;39;49;0;
2155;4;2;6;27;37;44;47;0;
2154;7;7;25;41;47;50;53;0;
2153;4;8;13;28;31;32;33;1;
2152;7;26;29;36;49;50;59;0;
2151;4;2;14;18;29;36;38;0;
2150;7;23;24;26;38;42;49;1;
2149;4;21;23;37;44;46;48;0;
2148;7;8;15;32;33;58;59;0;
2147;5;17;19;37;41;42;49;0;
2146;7;16;18;31;39;42;44;0;
2145;4;6;8;28;51;53;59;0;
2144;7;7;16;21;33;55;60;0;
2143;4;2;12;35;51;57;58;0;
2142;7;7;40;44;50;52;57;0;
2141;4;10;11;17;19;37;41;0;
2140;7;17;20;26;36;42;54;0;
2139;4;14;23;29;41;57;58;0;
2138;7;4;13;14;21;30;34;0;
226;7;1;2;38;49;50;59;1;
2136;7;1;8;11;22;30;35;0;
2135;4;9;23;28;40;48;59;1;
2134;7;6;21;34;46;54;59;0;
2133;4;19;20;26;51;52;57;0;
2132;7;5;18;30;35;39;60;0;
2131;4;2;3;6;18;20;28;1;
2130;7;13;16;36;53;54;55;0;
2129;5;6;12;31;32;46;60;0;
2128;3;11;16;24;46;54;55;0;
2127;7;1;7;28;30;44;46;0;
2126;4;7;12;24;27;39;58;0;
2125;7;1;31;44;46;53;58;0;
2124;4;2;11;20;31;43;47;0;
2123;7;14;15;47;50;56;59;0;
2122;4;3;11;15;21;27;49;0;
2121;7;8;10;17;29;37;40;1;
2120;4;13;20;24;25;38;41;0;
2119;7;19;21;26;31;42;49;0;
2118;4;11;12;20;40;41;46;1;
2117;7;4;28;29;30;43;52;0;
2116;5;1;9;19;21;34;54;0;
2115;3;4;19;27;35;40;44;0;
2114;7;17;25;30;35;42;57;0;
2113;4;11;14;21;25;46;50;0;
2112;7;17;39;43;46;52;53;0;
2111;4;1;41;44;46;54;58;0;
2110;2;5;10;12;18;25;33;52;
2109;5;4;12;16;34;44;49;0;
2108;3;19;22;29;41;44;59;0;
2107;7;8;38;44;50;56;60;0;
2106;4;3;27;36;39;40;43;0;
2105;7;11;13;16;24;31;46;0;
2104;5;2;10;12;27;45;56;0;
2103;3;3;13;40;44;46;50;0;
2102;7;4;6;17;34;51;57;0;
2101;4;2;8;18;37;56;58;0;
2100;7;1;10;11;13;35;49;1;
2099;4;5;15;20;27;30;58;0;
2098;7;2;8;18;27;38;60;0;
2097;4;9;24;28;45;49;51;0;
2096;7;6;11;13;19;24;51;0;
2095;4;16;29;35;43;49;56;0;
2094;7;4;16;19;31;33;44;0;
2093;4;8;14;27;34;52;54;0;
2092;7;11;13;15;17;22;27;0;
2091;5;10;11;12;37;38;59;1;
2090;3;8;11;18;37;40;51;0;
2089;7;5;10;32;38;48;49;0;
2088;4;3;14;24;27;38;56;1;
2087;7;2;18;19;23;34;53;1;
2086;4;4;35;43;46;47;53;0;
2085;7;12;21;25;37;38;49;0;
2084;4;7;20;26;37;38;39;0;
2083;7;1;18;19;33;56;60;0;
2082;4;6;25;33;42;48;49;1;
2081;7;13;18;35;40;41;42;1;
2080;5;10;22;40;46;55;58;0;
1271;7;1;2;39;48;52;59;0;
2078;7;2;11;15;30;36;39;0;
2077;4;13;16;26;35;37;39;1;
2076;7;5;6;12;15;22;43;0;
2075;4;7;9;23;33;57;59;0;
2074;7;8;18;23;37;42;58;2;
2073;4;12;15;18;30;52;55;0;
2072;7;10;12;13;20;22;54;0;
2071;4;24;33;34;35;46;60;0;
2070;7;5;26;27;34;42;48;0;
2069;5;3;17;34;35;40;48;0;
2068;3;3;5;9;40;42;47;0;
2067;7;2;11;13;26;32;59;0;
2066;4;6;25;27;35;45;55;1;
2065;7;4;11;20;30;37;43;0;
2064;4;10;14;36;53;55;60;0;
2063;7;6;10;19;24;25;29;0;
2062;4;8;10;15;23;25;34;1;
2061;7;33;36;40;44;45;54;0;
2060;4;8;9;11;25;39;41;0;
2059;7;4;5;36;40;44;56;0;
2058;4;4;19;23;29;56;59;0;
2057;7;10;13;20;37;38;54;0;
2056;5;18;22;29;34;36;47;0;
2055;3;6;25;35;43;46;53;0;
2054;7;4;7;12;22;26;39;0;
2053;4;12;22;27;37;40;55;0;
2052;7;50;51;56;57;58;59;4;
2051;4;1;5;6;37;44;53;0;
2050;7;8;31;32;33;38;50;0;
2049;4;10;19;27;31;51;53;0;
2048;7;10;19;26;35;38;39;0;
2047;4;1;18;19;29;44;54;0;
2046;7;3;6;11;27;28;46;1;
2045;4;15;25;27;45;46;50;1;
2044;7;7;14;47;54;56;60;0;
2043;4;21;38;53;56;57;58;0;
2042;7;14;22;29;32;33;35;0;
2041;4;10;12;22;25;42;54;1;
2040;7;6;9;41;54;56;58;0;
2039;5;6;12;22;28;31;44;0;
2038;3;6;25;26;35;38;40;0;
2037;7;14;16;23;30;45;60;0;
2036;4;7;8;19;23;27;58;0;
2035;7;30;35;36;38;49;52;0;
2034;4;6;7;13;17;22;56;1;
2033;6;10;18;33;38;40;43;1;
2032;3;6;14;19;20;39;53;0;
2031;7;18;23;37;39;50;55;0;
2030;4;4;27;38;40;58;59;1;
2029;7;6;15;18;33;37;40;0;
2028;4;7;11;24;36;42;58;4;
2027;7;11;15;29;37;39;44;0;
2026;4;10;23;31;33;51;52;0;
2025;7;4;24;46;52;55;56;0;
2024;4;16;20;23;29;35;47;0;
2023;7;1;6;7;8;23;56;2;
2022;4;4;28;45;48;52;60;0;
2021;7;7;14;32;37;40;60;0;
2020;4;2;36;46;48;57;60;0;
2019;7;23;41;46;52;54;59;0;
2018;4;11;22;25;27;55;59;0;
2017;7;2;10;11;24;38;56;0;
2016;4;4;11;17;18;21;48;0;
2015;7;17;18;27;32;39;58;1;
2014;4;16;32;40;46;53;56;0;
2013;7;6;23;30;36;53;56;0;
2012;5;8;11;27;35;36;51;0;
2011;3;2;28;32;35;54;58;0;
2010;7;8;10;18;34;39;56;0;
2009;4;1;37;44;46;48;50;0;
2008;7;22;27;33;42;58;59;0;
2007;4;4;14;39;41;54;58;0;
2006;7;1;9;14;20;25;54;0;
2005;4;11;19;22;33;34;53;0;
2004;7;1;5;14;23;35;45;3;
2003;4;28;34;40;43;50;51;0;
2002;7;4;28;30;38;46;59;0;
2001;4;20;22;36;42;52;60;0;
2000;1;3;6;10;17;34;37;17;
1999;5;15;37;38;42;49;50;0;
1998;3;8;21;24;25;52;57;0;
1997;7;1;7;14;31;35;46;0;
1996;4;7;20;21;24;40;56;0;
1995;7;14;26;29;35;37;39;0;
1994;4;2;5;12;32;40;44;0;
1993;7;6;17;33;48;50;57;0;
1992;4;5;11;13;21;53;54;2;
1991;7;19;20;28;34;36;44;0;
1990;4;11;24;26;34;37;59;0;
1989;7;15;22;30;32;40;58;0;
1988;5;5;10;39;42;46;54;0;
1987;7;10;14;31;34;45;58;0;
1986;5;23;36;43;44;55;56;0;
1985;3;9;28;29;34;36;55;0;
1984;7;21;29;32;35;43;50;0;
1983;4;5;6;10;14;22;36;1;
1982;7;4;14;20;24;46;50;1;
1981;4;6;15;19;37;39;53;0;
1980;7;12;16;17;18;34;37;0;
1979;5;22;23;29;32;38;45;1;
1978;3;2;6;22;44;55;57;0;
1977;7;3;16;28;32;34;37;1;
1976;4;12;14;19;25;52;59;0;
1975;7;8;11;24;26;47;57;1;
1974;4;4;19;27;38;54;57;1;
1973;7;1;12;16;17;52;60;0;
1972;4;9;16;20;54;57;59;0;
1971;7;4;10;41;44;52;54;0;
1970;5;5;10;18;24;39;52;0;
1969;3;8;20;30;32;48;59;0;
1968;7;35;36;39;44;48;52;0;
1967;4;13;30;32;39;46;54;0;
1966;7;10;13;19;32;40;60;0;
1965;4;26;28;35;38;48;55;1;
1964;7;2;27;32;36;48;50;0;
1963;4;4;5;7;34;42;60;0;
1962;7;5;6;15;25;39;53;0;
1961;4;17;25;26;30;32;50;0;
1960;7;1;18;25;37;39;43;0;
1959;4;8;21;27;35;43;56;0;
1958;7;15;20;22;24;34;55;0;
1957;5;2;14;22;23;29;47;1;
1956;3;5;8;20;28;40;45;0;
1955;7;15;27;33;36;41;45;0;
1954;4;9;25;33;35;40;49;0;
1953;7;9;26;29;42;43;45;1;
1952;4;9;21;36;38;52;53;0;
1951;7;14;16;19;21;33;55;0;
1950;4;10;21;32;34;48;57;0;
1949;7;1;6;14;22;30;56;0;
1948;4;12;20;24;28;33;57;0;
1947;7;8;33;40;52;55;59;0;
1946;5;4;6;39;44;52;60;0;
1945;3;4;8;10;21;45;54;0;
1944;7;8;9;39;47;57;59;0;
1943;4;9;11;12;30;39;43;0;
1942;7;6;18;20;24;43;48;0;
1941;4;1;9;24;38;48;49;1;
1940;7;9;13;16;17;36;47;0;
1939;4;7;24;29;39;45;52;0;
1938;7;10;16;32;40;42;54;0;
1937;4;6;10;24;29;43;55;1;
1936;7;3;12;24;40;51;52;0;
1935;4;1;3;10;17;23;24;3;
1934;7;8;23;35;39;56;59;0;
1933;4;2;14;15;19;35;59;0;
1932;7;10;16;21;29;44;55;0;
1931;4;2;8;9;15;22;34;0;
1930;7;4;17;18;37;52;56;0;
1929;5;3;10;23;36;43;52;0;
1928;3;10;26;28;51;53;59;0;
1927;7;5;11;13;19;30;31;1;
1926;4;2;3;14;20;30;46;1;
1925;7;1;17;38;43;45;47;0;
1924;4;12;16;30;52;53;58;1;
1923;7;9;34;42;45;46;59;0;
1922;4;20;22;36;38;41;43;0;
1921;7;10;15;16;19;28;35;0;
1920;4;25;31;33;39;43;45;0;
1919;7;11;28;37;45;54;60;0;
1918;4;16;17;20;22;38;50;0;
1917;7;4;21;25;33;36;46;0;
1916;4;3;9;18;23;50;52;0;
1915;7;2;20;21;33;48;57;0;
1914;4;16;29;33;39;42;44;1;
1913;7;4;14;17;43;52;56;0;
1912;4;10;13;33;35;36;42;1;
1911;7;16;18;23;30;32;33;0;
1910;4;6;9;15;22;39;48;1;
1909;7;11;40;43;45;47;57;0;
1908;4;4;10;13;23;27;57;0;
1907;7;3;25;35;38;44;48;0;
1906;5;6;27;33;39;40;60;0;
1905;3;29;35;43;54;56;57;0;
1904;7;12;15;18;21;51;56;0;
1903;4;9;10;15;28;43;45;0;
1902;7;2;7;9;18;21;25;3;
1901;4;11;12;26;30;37;53;0;
1900;7;8;11;27;28;43;46;0;
1899;4;20;23;35;36;44;48;0;
1898;7;12;34;45;53;55;58;0;
1897;4;9;22;25;47;52;58;0;
1896;7;3;6;14;15;21;25;1;
1895;4;2;3;5;10;15;34;0;
1894;7;21;31;35;53;54;57;0;
1893;4;16;17;19;28;45;58;0;
1892;7;6;17;22;30;37;50;0;
1891;4;1;3;19;23;47;58;0;
1890;7;5;11;22;24;51;53;6;
1889;7;16;23;25;28;30;44;0;
1888;5;1;10;17;18;45;48;2;
1887;3;11;23;34;41;46;56;0;
1886;7;3;7;15;40;45;54;0;
1885;4;7;14;18;23;32;59;0;
1884;7;1;4;23;32;38;59;0;
1883;4;16;27;28;47;59;60;0;
1882;7;9;10;19;35;37;41;0;
1881;4;3;10;30;44;53;56;1;
1880;7;5;16;19;37;51;56;0;
1879;4;5;10;20;57;58;59;1;
1878;7;12;16;26;40;56;57;0;
1877;4;13;16;23;24;32;35;0;
1876;7;7;18;39;41;44;51;0;
1875;5;1;45;47;52;53;55;1;
1874;3;10;28;37;43;44;47;0;
1873;7;5;25;28;41;53;54;0;
1872;5;11;13;25;39;46;56;0;
1871;7;3;11;17;33;52;58;1;
1870;4;18;20;30;32;33;40;0;
1869;7;11;23;24;26;40;52;0;
1868;5;1;5;23;25;28;31;0;
1867;3;3;10;17;21;22;43;0;
1866;7;14;17;36;38;44;60;0;
1865;5;1;5;31;32;37;42;0;
1864;7;4;5;14;37;40;60;0;
1863;4;16;23;45;56;58;59;0;
1862;7;2;8;35;42;49;56;2;
1861;4;2;4;9;35;45;60;0;
1860;7;10;30;36;40;44;60;1;
1859;5;1;13;14;21;26;51;0;
1858;3;22;28;30;33;55;59;0;
1857;7;13;23;25;35;52;53;0;
1856;4;2;9;14;22;32;37;0;
1855;7;6;10;15;24;38;39;0;
1854;5;25;30;31;34;43;59;0;
1666;7;1;2;23;27;45;51;0;
1852;4;13;17;29;45;49;50;0;
1851;7;8;18;21;22;35;37;0;
1850;4;23;24;32;38;40;41;1;
1849;7;3;5;11;27;35;44;0;
1848;4;9;40;41;50;55;58;0;
1847;7;1;6;45;49;50;57;0;
1846;5;6;24;26;30;34;49;0;
1845;3;3;9;13;29;30;51;0;
1844;7;3;4;37;39;48;50;0;
1843;4;8;26;28;33;41;54;1;
1842;7;16;18;22;24;34;43;1;
1841;4;3;6;13;38;49;51;0;
1840;7;15;17;33;41;47;48;0;
1839;4;7;22;28;32;56;58;0;
1838;7;5;8;24;30;57;59;1;
1837;5;41;44;48;50;54;57;0;
1836;3;8;15;18;45;59;60;0;
1835;7;8;28;36;47;50;58;0;
1834;4;2;17;22;24;48;51;1;
1833;7;2;3;7;16;27;42;0;
1832;4;14;34;46;47;56;57;0;
1831;7;15;27;28;32;48;55;1;
1830;4;3;7;29;37;54;60;1;
1829;7;7;13;24;30;32;53;0;
1828;4;6;11;32;40;48;59;0;
1827;7;26;33;42;43;53;54;0;
1826;5;17;19;32;43;48;51;0;
1825;3;10;11;21;50;51;54;1;
1824;7;5;6;12;19;30;60;0;
1823;4;4;9;21;34;54;59;0;
1822;7;1;22;26;43;50;53;0;
1821;4;19;22;31;36;52;53;2;
1820;7;3;19;23;27;40;45;0;
1819;4;17;18;26;30;33;37;0;
1818;7;2;6;10;15;53;56;0;
1817;4;1;4;26;39;47;55;0;
1816;7;5;10;12;22;28;46;0;
1815;5;8;11;25;39;41;60;3;
1814;3;9;11;27;46;51;53;0;
1813;7;9;11;13;15;19;51;0;
1812;4;20;23;32;34;37;45;0;
1811;7;5;17;32;35;37;57;0;
1810;4;1;10;25;43;50;56;1;
1809;7;9;12;23;24;46;54;0;
1808;4;2;14;20;25;41;45;0;
1807;7;1;15;16;22;25;43;0;
1806;4;11;20;35;42;55;58;0;
1805;7;17;22;27;31;49;57;0;
1804;4;20;21;28;48;50;59;0;
1803;7;4;8;29;38;49;50;0;
1802;4;2;6;13;14;17;44;0;
1801;7;6;19;34;43;45;54;0;
1800;4;6;11;16;19;31;56;1;
1799;7;1;3;4;39;51;53;0;
1798;5;2;9;23;28;45;53;0;
1797;3;2;13;14;35;54;57;0;
1796;7;22;23;34;48;53;54;1;
1795;4;30;42;47;50;55;58;0;
1794;7;1;5;34;37;40;60;1;
1793;4;13;14;22;54;56;58;1;
1792;7;2;16;17;18;41;47;0;
1791;4;12;18;46;50;53;55;0;
1790;7;11;13;26;27;28;50;0;
1789;4;6;25;43;57;58;59;0;
1788;7;3;13;42;45;56;59;0;
1787;5;1;5;13;25;26;29;2;
1786;3;2;6;8;21;25;34;0;
1785;7;5;11;27;41;42;54;0;
1784;4;4;15;26;30;54;55;0;
1783;7;4;6;16;18;21;38;0;
1782;4;6;18;34;47;52;57;0;
1781;7;1;8;22;49;52;53;2;
1780;5;6;20;22;31;33;34;0;
1779;3;12;25;30;39;56;57;0;
1778;7;4;10;38;40;45;48;0;
1777;4;4;19;38;44;52;55;0;
1776;7;10;11;14;19;39;48;0;
1775;5;2;18;31;42;51;56;6;
1774;7;1;12;20;30;52;60;0;
1773;5;15;30;39;41;45;59;0;
1772;3;12;19;27;39;41;45;2;
1771;7;2;20;27;28;32;38;0;
1770;4;11;26;27;30;34;41;0;
1769;7;32;37;44;47;54;60;0;
1768;4;5;7;11;34;35;50;0;
1767;7;16;26;35;39;44;45;0;
1766;4;22;23;41;46;53;60;0;
1765;7;1;6;28;37;56;58;0;
1764;4;6;7;29;39;41;55;1;
1763;7;9;12;15;21;31;36;0;
1762;4;26;32;42;45;55;59;0;
1761;7;9;10;36;50;53;55;0;
1760;6;10;24;25;36;47;48;0;
1759;3;2;14;21;22;51;60;0;
1758;7;6;11;16;23;36;42;0;
1757;4;13;25;28;37;43;56;0;
1756;7;6;13;14;28;35;45;0;
1755;4;2;5;8;18;30;48;0;
1754;7;20;27;30;31;40;53;0;
1753;4;8;15;29;35;45;54;1;
1752;7;9;36;37;53;55;60;0;
1751;5;15;22;23;42;51;57;0;
1750;3;15;17;20;31;41;48;0;
1749;7;3;13;14;29;33;43;0;
1748;4;2;10;13;41;49;53;0;
1747;7;6;33;34;48;53;59;2;
1746;4;6;18;37;40;41;58;0;
1745;7;9;13;18;47;52;60;0;
1744;4;9;12;14;29;42;56;0;
1743;7;4;10;29;31;34;35;0;
1742;4;11;19;21;23;27;52;0;
1741;7;15;18;20;32;48;49;1;
1740;4;10;15;25;38;47;53;0;
1739;7;9;10;17;32;34;46;0;
1738;4;12;28;37;46;48;53;1;
1737;7;5;8;42;50;51;59;0;
1736;4;12;13;24;29;32;41;0;
1735;7;6;16;33;34;45;46;0;
1734;4;12;17;25;29;41;52;0;
1733;7;3;5;9;14;41;46;1;
1732;4;25;34;38;45;53;60;1;
1731;7;5;18;27;43;49;59;0;
1730;5;1;10;17;24;42;51;2;
1729;3;7;14;23;43;44;53;0;
1728;7;3;8;28;39;42;59;0;
1727;4;4;6;19;20;40;41;1;
1726;7;3;10;42;49;54;57;0;
1725;4;16;18;26;30;31;34;0;
1724;7;27;33;37;39;58;60;0;
1723;4;14;27;30;46;52;60;0;
1722;7;9;23;39;41;49;58;0;
1721;5;4;12;19;33;36;38;1;
1720;3;18;23;31;39;49;57;0;
1719;7;1;22;31;34;44;54;0;
1718;4;4;30;31;32;47;53;0;
1717;7;2;9;16;37;44;58;0;
1716;4;2;25;36;41;42;53;1;
1715;7;16;20;35;40;53;60;0;
1714;4;2;8;24;36;51;52;0;
1713;7;3;10;16;23;27;29;2;
1712;4;2;12;19;29;50;59;0;
1711;7;22;26;38;39;45;50;0;
1710;4;7;21;28;56;58;59;0;
1709;7;7;19;30;35;42;47;0;
1708;4;17;29;32;38;45;50;0;
1707;7;7;16;20;27;36;52;0;
1706;4;12;31;34;36;48;56;1;
1705;7;25;27;29;37;50;51;0;
1704;4;1;7;11;32;51;59;0;
1703;7;3;23;26;35;39;49;0;
1702;5;17;19;33;35;39;52;1;
1701;3;3;9;18;32;40;56;1;
1700;7;15;18;41;48;50;58;1;
1699;4;1;6;10;30;33;38;0;
1698;7;11;13;24;28;44;45;0;
1697;4;8;23;30;51;53;58;0;
1696;7;1;12;17;31;37;46;1;
1695;4;24;36;38;43;44;58;0;
1694;7;20;29;34;37;45;57;1;
1693;4;5;15;18;19;21;38;0;
1692;7;11;13;14;27;44;56;0;
1691;4;1;10;24;39;45;58;0;
1690;7;21;24;26;35;45;53;0;
1689;4;2;5;13;27;41;53;2;
1688;7;18;23;30;32;42;56;0;
1687;4;15;24;37;46;49;58;1;
1686;7;9;14;37;44;46;55;3;
1685;4;3;18;31;39;46;51;0;
1684;7;9;12;18;31;39;50;0;
1683;4;4;12;32;33;34;48;1;
1682;7;7;13;35;37;39;51;0;
1681;4;1;6;8;11;33;50;1;
1680;7;23;37;38;46;47;51;1;
1853;7;1;2;34;39;41;45;1;
1678;7;9;11;17;19;35;52;0;
1677;4;10;15;28;33;51;52;2;
595;7;1;2;25;43;50;54;0;
1675;4;3;18;34;35;36;56;1;
1674;7;22;30;42;50;58;59;0;
1673;4;5;10;23;24;35;47;0;
1672;7;1;3;5;10;20;42;1;
1671;4;21;27;31;45;55;56;0;
1670;7;1;17;19;30;33;47;0;
1669;4;28;29;31;45;48;49;0;
1668;7;5;40;47;52;55;57;0;
1667;4;7;12;24;44;51;56;1;
1474;4;1;2;3;11;28;43;1;
1665;4;1;5;11;16;20;56;4;
1664;4;8;21;23;29;36;48;1;
1663;7;18;20;27;40;49;55;0;
1662;4;10;14;25;29;33;57;2;
1661;7;13;16;27;43;48;58;0;
1660;4;8;17;34;38;42;51;1;
1659;7;4;10;20;33;37;49;0;
1658;4;7;11;19;23;40;49;1;
1657;7;7;10;14;37;45;54;1;
1656;4;4;6;11;43;54;56;0;
1655;7;7;24;28;46;53;56;2;
1654;4;7;16;33;42;50;58;0;
1653;6;1;21;22;27;32;45;0;
1652;4;7;24;26;28;44;57;0;
1651;7;8;27;35;38;41;44;0;
1650;4;17;23;29;38;57;60;0;
1649;7;24;33;38;42;44;54;0;
1648;4;15;16;18;20;22;48;0;
1647;7;12;17;23;38;53;54;1;
1646;4;19;23;34;40;41;58;0;
1645;7;8;18;21;31;37;38;0;
1644;4;10;13;16;22;34;60;0;
1643;7;16;19;20;28;37;60;0;
1642;4;3;23;42;43;47;60;0;
1641;7;23;29;30;33;46;51;0;
1640;4;2;6;18;23;31;46;2;
1639;7;16;29;34;35;49;51;2;
1633;7;1;2;11;13;36;49;0;
1637;7;1;5;24;47;55;56;0;
1636;4;19;26;33;35;51;52;0;
1635;7;8;23;28;30;32;51;0;
1634;4;9;10;23;33;44;51;1;
1676;7;1;2;11;37;48;51;0;
1632;4;6;18;24;27;56;59;1;
1631;7;4;29;44;47;48;60;0;
1630;4;1;7;30;43;44;54;0;
1629;7;4;20;24;35;47;59;0;
1628;4;26;29;34;38;50;60;0;
1627;7;20;26;32;41;45;57;1;
1626;4;3;5;14;35;43;52;0;
1625;7;11;22;36;40;45;52;0;
1624;5;2;27;32;41;47;58;0;
1623;3;33;43;49;50;56;59;0;
1622;7;4;5;7;21;45;53;0;
1621;4;10;22;24;38;39;49;1;
1620;7;13;23;27;34;38;57;0;
1619;4;5;8;17;42;46;47;0;
1618;7;9;20;24;43;51;52;1;
1617;4;3;23;26;31;47;54;2;
1616;7;28;31;40;42;46;58;0;
1615;4;5;20;26;31;33;44;0;
1614;7;14;17;21;27;43;49;1;
1613;4;4;18;31;44;46;49;0;
1612;7;6;13;17;36;42;51;2;
1611;4;24;28;47;50;51;58;0;
1610;7;1;4;9;35;36;53;0;
1609;4;2;6;13;26;53;60;0;
1608;7;5;6;17;43;54;59;0;
1607;4;7;31;32;41;51;52;0;
1606;7;1;15;37;42;46;54;1;
1605;4;9;19;21;30;31;42;0;
1604;7;2;21;24;27;40;51;0;
1603;4;13;20;27;31;53;60;0;
1602;7;8;12;22;35;40;44;1;
1601;4;8;10;24;45;56;60;0;
1600;7;9;23;32;35;46;57;1;
1599;4;3;10;15;35;36;58;1;
1598;7;29;31;36;42;47;53;0;
1597;4;5;10;16;44;50;52;0;
1596;7;1;5;7;10;12;45;1;
1595;4;2;5;8;42;46;59;2;
1594;7;6;7;8;23;43;53;0;
1593;4;4;9;17;18;21;38;1;
1592;7;31;36;38;41;42;49;0;
1591;4;4;10;23;33;38;55;1;
1590;7;7;20;34;40;44;55;0;
1589;4;4;5;11;19;41;51;0;
1588;7;23;29;32;36;45;49;2;
1587;4;8;19;21;30;52;56;0;
1586;7;8;39;43;46;47;58;0;
1585;4;2;43;47;48;49;55;0;
1584;7;3;22;27;28;50;54;0;
1583;4;2;9;17;18;45;47;0;
1582;7;1;4;13;17;38;48;1;
1581;4;14;15;25;30;31;34;0;
1580;7;1;6;14;17;33;36;2;
1579;4;25;34;40;49;51;60;0;
1578;7;3;6;30;37;53;56;0;
1577;4;11;14;25;32;51;59;1;
1576;7;13;15;21;26;30;46;0;
1575;4;1;4;5;14;45;56;1;
1574;7;6;27;28;33;46;48;0;
1573;4;7;16;21;35;36;38;0;
1572;7;20;27;42;45;46;47;0;
1571;4;3;29;32;46;55;60;0;
1570;7;15;18;24;42;46;56;0;
1569;4;5;15;18;31;42;53;0;
1568;7;19;24;25;28;42;58;0;
1567;4;2;15;30;38;48;53;0;
1566;7;5;6;11;32;36;60;1;
1565;4;18;37;39;41;43;51;0;
1564;7;25;38;44;46;53;54;1;
1563;5;1;6;13;20;36;43;1;
1562;7;10;12;23;37;47;51;0;
1561;5;23;26;28;54;55;60;0;
1560;3;20;30;36;38;47;53;4;
1559;7;8;12;16;29;37;58;1;
1558;5;7;15;17;31;42;54;0;
1557;3;4;16;18;31;45;46;0;
1556;7;1;4;7;10;11;52;0;
1555;4;2;5;23;33;52;59;0;
1554;7;30;32;49;50;52;53;0;
1553;4;20;21;22;29;46;60;0;
1552;7;7;18;24;26;39;46;0;
1551;4;2;15;19;21;23;38;1;
1550;7;9;13;21;27;36;56;1;
1549;4;10;12;16;20;32;53;1;
1548;7;19;41;42;44;47;54;0;
1547;4;2;9;10;18;21;28;1;
1546;7;4;17;38;44;53;60;0;
1545;4;4;6;11;24;45;48;1;
1544;6;2;21;30;35;45;50;0;
1543;4;7;15;20;23;30;41;0;
1542;7;7;11;12;30;39;57;0;
1541;4;5;24;37;44;49;58;0;
1540;7;3;17;27;32;47;54;0;
1539;4;8;10;20;26;49;58;0;
1538;6;23;27;35;52;53;57;1;
1537;4;6;10;33;50;51;56;1;
1536;7;13;18;29;32;50;58;0;
1535;4;8;9;25;41;54;55;0;
1534;7;1;12;28;29;34;48;1;
1533;4;13;21;29;34;47;57;0;
1532;7;2;11;23;31;42;44;3;
1531;4;12;13;24;41;42;44;0;
1530;7;10;16;28;33;48;53;2;
1529;4;11;15;17;34;35;49;1;
1528;6;4;13;15;19;36;58;0;
1527;4;16;32;36;42;44;48;0;
1526;7;10;16;28;47;51;59;1;
1525;4;2;26;30;35;46;54;0;
1524;7;2;12;40;46;52;53;0;
1523;4;22;25;31;39;41;44;0;
1522;7;5;8;23;32;33;56;0;
1521;4;11;14;18;30;33;39;1;
1520;7;7;31;35;36;46;48;0;
1519;5;5;6;15;23;56;59;0;
1518;3;8;9;28;41;48;55;0;
1517;7;7;17;38;45;52;56;0;
1516;4;4;18;20;34;45;60;1;
1515;7;4;13;14;18;49;59;1;
1514;4;16;17;23;42;59;60;1;
1513;7;17;28;31;56;57;58;0;
1512;4;11;28;35;42;46;58;0;
1511;7;4;8;17;29;31;45;0;
1510;4;1;8;17;44;46;53;1;
1509;7;1;6;27;46;51;59;0;
1508;4;17;18;30;35;39;58;2;
1507;7;24;46;50;51;52;56;0;
1506;4;3;14;18;34;42;49;0;
5;2;1;2;6;16;19;46;0;
1504;4;2;10;12;30;41;42;0;
1503;7;3;4;16;22;36;42;0;
1502;4;6;22;43;51;52;57;0;
1501;7;1;7;13;29;37;54;1;
1500;4;10;18;31;43;57;59;1;
1499;7;8;22;26;33;37;54;1;
1498;4;6;11;27;40;46;49;0;
1497;7;4;5;7;27;45;58;0;
1496;4;14;18;28;41;47;54;0;
1495;7;4;13;14;44;49;57;0;
1494;4;2;14;24;28;35;50;0;
1493;7;7;12;24;27;30;49;2;
1492;4;4;9;18;44;46;48;1;
1491;7;6;26;45;50;56;60;0;
1490;5;1;3;31;32;43;52;0;
1489;7;1;15;24;26;28;48;1;
1488;4;4;22;25;38;45;51;1;
1487;7;4;9;17;23;28;53;0;
1486;4;1;6;10;34;40;54;1;
1485;7;4;27;30;36;54;59;0;
1484;4;17;20;24;29;49;53;0;
1483;7;1;35;39;53;55;56;0;
1482;4;6;9;11;34;41;53;0;
1481;7;17;27;28;40;44;55;0;
1480;4;9;14;21;26;36;52;1;
1479;7;21;48;50;54;57;60;0;
1478;4;10;27;37;40;47;55;0;
1477;7;3;4;46;50;56;59;0;
1476;4;4;10;26;37;47;57;0;
1475;7;12;13;37;44;48;51;1;
1020;7;1;2;19;32;39;52;0;
1473;7;2;12;33;57;58;60;0;
1472;4;12;18;23;25;45;50;0;
1471;7;10;25;33;36;40;58;0;
1470;4;2;34;36;38;51;55;2;
1469;7;4;13;35;54;56;58;0;
1047;4;1;2;8;10;14;48;0;
1467;7;23;24;26;41;52;53;1;
1466;4;4;6;13;34;37;51;1;
1465;7;6;11;16;26;44;53;0;
1464;4;2;24;32;50;54;59;0;
1463;7;13;22;28;29;40;48;0;
1462;4;5;9;25;27;38;40;1;
1461;7;31;36;44;47;49;54;0;
1460;4;4;14;27;38;50;52;0;
1459;7;2;6;30;34;35;52;1;
1458;4;2;4;16;33;44;51;0;
1457;7;15;16;34;42;46;59;0;
1456;4;6;8;14;26;36;40;0;
1455;2;14;32;33;36;41;52;3;
1454;7;4;27;29;41;48;52;0;
1453;5;6;13;25;32;47;57;0;
1452;3;2;14;28;50;57;58;0;
1451;7;2;10;11;33;52;57;0;
1450;4;26;27;31;38;44;45;0;
1449;7;2;6;18;30;52;56;0;
1448;4;1;25;29;36;56;60;0;
1447;7;1;19;28;33;39;41;0;
1446;4;6;13;24;32;40;51;1;
1445;7;5;19;32;41;49;58;1;
1444;4;2;5;27;28;48;55;0;
1443;7;12;20;32;48;52;54;0;
1442;4;12;13;20;30;34;49;0;
1441;7;17;29;36;38;53;56;0;
1440;4;2;6;28;36;51;56;1;
1439;7;2;34;35;42;43;55;0;
1438;4;7;14;31;33;36;49;2;
1437;7;22;23;26;37;38;48;0;
1436;4;1;13;23;24;30;57;0;
1435;7;4;15;45;47;50;52;0;
1434;4;3;18;22;34;55;58;2;
1433;7;4;13;14;40;46;52;1;
1432;4;16;24;25;42;45;59;0;
1431;7;5;9;13;33;40;54;0;
1430;4;2;19;22;30;46;52;0;
1429;7;9;12;22;39;48;60;0;
1428;4;7;15;19;34;37;55;1;
1427;7;8;39;44;47;53;56;0;
1426;4;6;15;18;24;30;44;0;
1425;7;7;16;29;36;38;50;1;
1424;4;3;7;15;29;38;60;0;
1423;7;3;8;21;25;27;43;3;
1422;4;2;5;13;17;39;44;1;
1421;7;19;31;39;44;53;59;1;
1420;4;2;11;16;18;36;45;0;
1419;7;17;21;30;48;52;58;0;
1418;4;7;8;10;12;27;56;0;
1417;7;5;12;45;52;56;59;4;
1416;4;3;19;22;24;35;49;2;
1415;7;26;36;40;46;49;51;0;
1414;5;21;37;44;46;49;57;0;
1413;3;13;15;33;45;54;55;0;
1412;7;6;8;24;37;41;45;1;
1411;4;8;12;32;44;46;48;2;
1410;7;18;29;40;42;50;54;0;
1409;4;6;19;26;47;50;58;0;
1408;7;4;19;20;24;39;43;0;
1407;4;18;29;31;42;43;53;0;
1406;7;7;10;17;24;38;57;0;
1405;4;3;14;17;32;37;39;1;
1404;7;7;8;27;31;32;51;0;
1403;4;13;16;20;26;39;42;0;
1402;7;2;9;10;21;27;38;0;
1401;4;11;12;25;33;48;54;1;
1400;7;9;26;34;43;53;54;0;
1399;4;34;39;43;56;57;60;2;
1398;7;14;32;33;40;42;51;0;
1397;4;3;4;7;15;27;56;0;
1396;7;29;48;52;54;55;58;0;
1395;4;5;11;17;19;44;48;0;
1394;7;11;16;24;35;46;50;0;
1393;4;4;18;24;28;39;44;1;
1392;7;2;8;12;28;33;43;0;
1391;4;7;12;19;34;40;53;0;
1390;7;4;19;27;28;29;31;2;
1389;4;1;16;28;39;44;57;1;
1388;7;22;29;31;43;50;54;0;
1387;4;18;27;32;43;50;52;0;
1386;7;12;28;38;39;51;56;0;
1385;4;27;35;36;37;42;59;1;
1384;7;2;18;30;31;45;56;2;
1383;4;7;9;23;44;46;55;0;
1382;6;5;13;16;17;27;55;0;
1381;4;11;27;30;40;44;57;1;
1380;7;3;14;52;55;57;60;0;
1379;4;5;12;36;45;50;58;0;
1378;7;2;5;17;18;54;59;0;
1377;4;2;5;12;13;25;35;1;
1376;7;9;11;21;49;53;54;0;
1375;4;14;25;28;45;53;58;2;
1374;7;6;21;28;31;33;43;0;
1373;4;7;27;39;52;55;57;1;
1372;7;3;36;40;46;58;60;0;
1371;4;3;4;8;11;47;49;0;
1370;7;2;4;5;27;49;59;2;
1369;4;5;16;24;32;38;46;0;
1368;7;10;21;26;29;32;38;1;
1367;5;2;7;13;29;38;43;0;
1366;7;12;27;37;44;54;59;1;
1365;4;2;24;26;32;35;50;0;
1364;7;10;13;20;40;44;53;0;
1363;4;25;35;42;45;52;57;0;
1362;7;2;12;19;22;36;58;3;
1361;4;23;27;30;37;38;44;0;
1360;7;2;16;17;25;50;54;2;
1359;4;6;10;12;17;28;53;0;
1358;7;3;15;16;35;37;47;0;
1357;4;1;19;24;26;52;55;0;
1356;7;6;13;21;22;31;46;0;
1355;4;11;17;24;39;46;49;0;
1354;7;2;8;38;42;48;49;1;
1353;4;3;11;13;27;32;47;1;
1352;7;9;18;24;35;36;59;0;
1351;4;13;33;36;41;50;56;0;
1350;7;3;4;29;36;45;55;5;
1349;7;9;19;20;50;51;60;1;
1348;5;7;12;38;39;45;56;0;
1347;3;9;19;45;46;54;56;0;
1346;7;12;32;40;47;48;59;1;
1345;4;7;17;19;26;40;50;0;
1344;7;8;19;21;36;42;59;3;
1343;4;19;20;31;42;51;56;0;
1342;7;5;7;42;46;50;60;0;
1341;4;1;11;20;37;40;52;0;
1340;7;13;21;30;36;59;60;0;
1339;4;7;10;14;16;54;59;0;
1338;7;1;18;19;33;43;60;1;
1337;4;2;20;35;38;45;51;0;
1336;7;1;32;38;47;51;54;1;
1335;4;3;14;20;22;49;51;1;
1334;7;1;6;8;10;25;27;0;
1333;5;25;26;28;33;42;51;0;
1332;7;3;5;13;24;35;59;1;
1331;4;9;24;26;39;46;57;1;
1330;7;8;18;21;30;48;49;0;
1329;4;7;8;11;39;43;50;0;
1328;7;10;23;27;43;53;59;1;
1327;5;16;35;36;41;52;54;0;
1326;7;10;11;18;19;30;50;0;
1325;4;2;5;16;20;35;43;0;
1324;7;18;29;31;44;51;57;0;
1323;4;6;15;25;37;48;55;0;
1322;7;10;21;43;47;53;55;0;
1321;4;10;47;51;53;59;60;1;
1320;7;17;24;25;38;41;55;0;
1319;4;4;5;16;18;27;51;0;
1318;7;11;14;16;28;34;46;0;
1317;5;6;13;29;30;35;37;0;
1316;7;8;13;25;34;42;48;1;
1315;4;1;27;29;38;50;52;1;
1314;7;38;42;44;52;58;60;0;
1313;4;1;4;26;39;43;49;0;
1312;7;5;20;22;28;29;30;0;
1311;4;7;9;12;19;45;54;0;
1310;7;8;9;14;32;53;59;0;
1309;5;7;12;25;26;32;39;0;
1308;3;7;8;24;30;33;47;0;
1307;7;7;10;32;43;47;54;1;
1306;4;6;19;22;34;43;45;0;
1305;7;3;5;11;36;44;46;0;
1304;4;7;14;15;20;23;35;0;
1303;7;8;19;46;51;52;54;0;
1302;4;2;10;15;44;56;57;0;
1301;7;3;16;23;25;51;56;1;
1300;4;43;44;46;53;54;59;2;
1299;7;8;22;32;43;53;56;0;
1298;4;14;15;30;53;55;60;1;
1297;7;2;5;11;13;56;59;0;
1296;4;10;14;43;46;49;53;0;
1295;7;2;5;15;20;43;57;1;
1294;4;4;6;29;48;50;51;0;
1293;7;1;13;24;40;44;50;0;
1292;4;9;11;23;30;31;54;0;
1291;7;18;40;47;54;57;58;0;
1290;4;2;3;14;23;34;50;0;
1289;7;1;3;8;13;27;52;2;
1288;4;17;30;32;40;42;56;0;
1287;7;11;12;31;33;42;52;0;
1286;4;2;5;28;33;51;52;0;
1285;7;10;15;28;31;33;38;0;
1284;4;20;21;26;29;31;36;0;
1283;7;8;30;40;44;59;60;0;
1282;4;4;23;39;52;55;56;0;
1281;7;8;11;14;30;36;38;1;
1280;4;6;10;16;20;29;54;0;
1279;7;8;14;29;35;36;40;0;
1278;4;4;16;24;25;30;56;0;
1277;7;12;18;31;50;59;60;0;
1276;4;5;9;11;22;36;40;2;
1275;7;2;14;48;55;58;60;0;
1274;4;13;17;21;39;40;59;0;
1273;7;13;19;26;40;58;60;0;
1272;4;13;26;27;28;35;52;0;
1468;4;1;2;10;19;20;37;1;
1270;4;5;9;24;31;33;42;0;
1269;7;4;5;15;17;27;51;2;
1268;4;3;16;17;44;53;60;0;
1267;7;4;20;30;41;47;58;0;
1266;4;6;10;33;39;42;60;0;
1265;7;13;19;24;46;50;60;0;
1264;4;4;17;36;37;51;56;0;
1263;7;4;18;26;36;41;53;0;
1262;4;5;7;8;9;11;39;2;
1261;7;10;14;22;41;42;53;0;
1260;4;19;23;29;31;41;53;0;
1259;7;4;6;39;46;54;58;0;
1258;4;11;26;47;55;57;59;0;
1257;7;2;15;26;27;30;52;2;
1256;4;26;33;35;38;43;53;0;
1255;7;5;23;38;39;51;54;0;
1254;4;7;9;14;18;29;39;0;
1253;7;2;17;23;43;44;51;0;
1252;4;2;14;35;39;49;51;0;
1251;7;5;27;34;46;48;52;0;
1679;4;1;2;27;28;46;47;1;
1249;7;3;8;36;40;51;53;1;
1248;4;20;33;34;57;58;60;0;
1247;7;3;9;11;24;36;51;0;
1246;4;10;37;40;43;57;59;0;
1245;6;2;10;34;37;43;50;4;
1244;6;2;8;15;25;34;45;0;
1243;4;9;19;23;29;32;57;0;
1242;2;11;34;45;48;51;54;0;
1241;7;10;13;25;26;28;45;0;
1240;4;8;9;12;22;42;49;0;
1239;7;1;15;37;39;48;52;0;
1238;4;13;14;24;39;40;45;0;
1237;7;5;18;21;26;39;59;1;
1236;4;3;8;17;20;38;53;0;
1235;7;10;16;20;26;49;55;0;
1234;4;3;5;19;24;30;35;0;
1233;7;22;29;32;49;54;59;0;
1232;4;8;11;12;15;18;22;0;
1231;7;5;20;23;27;39;49;1;
1230;4;9;12;19;22;35;37;0;
1229;7;12;30;32;40;49;60;0;
1228;4;10;23;36;50;52;60;0;
1227;7;4;28;30;31;35;54;1;
1226;4;10;31;40;50;55;56;0;
1225;7;31;32;34;40;50;55;1;
1224;4;19;21;27;41;53;57;1;
1223;7;15;17;35;42;47;48;0;
1222;4;5;8;19;26;48;57;0;
1221;7;5;14;37;43;46;58;0;
1220;4;5;15;43;48;52;55;1;
1219;7;2;33;34;37;41;53;0;
1218;4;10;23;29;31;33;46;0;
1217;7;5;11;15;28;43;50;0;
1216;4;4;7;13;25;27;58;0;
1215;7;10;25;30;47;50;51;0;
1214;4;5;29;30;36;41;48;0;
1213;7;3;11;26;34;45;53;0;
1212;4;2;23;33;35;40;50;0;
1211;7;3;15;31;36;48;54;7;
1210;4;3;7;9;10;31;34;0;
1209;7;5;14;17;30;35;38;0;
1208;4;1;12;20;26;45;54;0;
1207;7;9;11;22;32;35;56;0;
1206;4;2;6;11;36;37;48;0;
1205;7;4;13;14;26;29;35;0;
1204;4;5;10;25;39;43;52;0;
1203;7;7;9;30;33;38;55;0;
1202;4;8;9;11;48;53;60;0;
1201;7;28;32;36;49;55;60;0;
1200;4;3;10;11;39;54;56;1;
1199;7;16;19;23;28;39;58;0;
1198;4;22;29;36;41;48;58;0;
1197;7;36;37;39;49;54;60;0;
1196;4;3;6;19;20;58;60;0;
1195;7;17;20;26;27;55;57;1;
1194;4;6;13;24;41;50;53;0;
1193;7;2;9;12;14;32;54;0;
1192;4;17;20;49;52;57;59;0;
1191;7;3;11;16;22;25;33;0;
1190;4;10;11;19;37;53;56;2;
1189;7;14;21;27;31;35;50;0;
1188;4;9;20;44;52;59;60;0;
1187;7;8;17;19;40;43;49;0;
1186;4;7;8;12;13;15;41;1;
1185;7;2;10;21;35;43;54;0;
1184;4;4;9;23;27;28;30;0;
1183;7;5;10;12;20;29;37;4;
1182;4;2;4;29;52;56;60;0;
1181;7;18;20;26;31;44;45;0;
1180;4;12;30;34;44;57;60;0;
1179;7;5;22;28;47;59;60;0;
1178;4;1;22;30;45;50;53;0;
1177;7;33;38;47;50;52;55;1;
1176;4;11;14;21;30;33;49;0;
1175;6;2;3;12;16;37;47;0;
1174;4;6;7;39;47;51;52;0;
1173;7;5;7;24;25;36;47;0;
1172;3;6;12;28;43;52;56;0;
1171;7;3;10;13;30;41;57;0;
1170;4;11;13;27;34;46;49;1;
1169;7;1;11;14;23;42;48;1;
1168;4;4;5;20;47;53;56;0;
1167;7;20;28;43;51;52;56;0;
1166;4;22;28;30;31;35;54;0;
1165;7;20;40;42;52;54;60;0;
1164;4;6;14;17;26;40;49;0;
1163;7;5;17;31;47;51;53;0;
1162;4;18;22;25;30;31;41;0;
1161;7;4;7;42;47;48;51;0;
1160;4;1;3;5;18;40;48;1;
1159;7;5;6;34;46;53;55;0;
1158;4;23;30;31;54;55;60;0;
1157;7;9;29;41;43;46;49;4;
1156;4;9;24;31;44;48;49;0;
1155;7;20;28;40;41;51;58;0;
1154;4;4;12;14;21;26;28;0;
1153;7;6;17;19;34;46;55;0;
1152;4;14;20;29;36;44;47;0;
1151;7;1;4;14;21;25;51;0;
1150;4;15;17;28;31;35;52;0;
1149;7;7;8;23;36;46;54;0;
1148;4;27;28;29;32;48;55;0;
1147;7;6;23;31;33;39;52;0;
1146;4;6;10;28;33;34;53;0;
1145;7;3;16;19;24;33;60;1;
1144;4;1;10;18;19;44;49;0;
1143;7;3;30;35;44;47;60;0;
1142;4;3;15;26;28;31;58;0;
1141;7;9;37;40;50;58;60;0;
1140;5;10;27;40;46;49;58;2;
1139;7;9;28;31;36;37;42;0;
1138;5;2;4;15;18;25;36;0;
1137;3;19;21;25;28;43;50;0;
1136;7;7;31;32;34;37;43;0;
1135;4;4;5;6;19;23;39;1;
1134;7;9;22;29;36;51;56;0;
1133;4;5;10;16;21;39;58;1;
1132;7;12;27;30;33;52;55;0;
1131;4;1;8;16;34;36;49;0;
1130;7;5;18;23;32;49;54;0;
1129;4;12;17;19;32;47;55;0;
1128;7;8;16;24;39;52;60;1;
1127;4;5;8;14;24;29;30;3;
1126;7;4;31;42;52;57;59;0;
1125;4;3;7;29;33;42;56;1;
1124;7;7;11;16;18;33;49;0;
1123;4;4;14;19;39;45;60;0;
1122;7;26;44;46;49;55;56;0;
1121;4;4;17;18;54;56;59;1;
1120;7;7;35;40;44;50;55;0;
1119;4;10;34;41;44;45;54;0;
1118;7;8;20;21;43;44;55;0;
1117;4;1;6;17;27;35;40;0;
1116;7;4;9;13;17;20;47;1;
1115;4;18;30;37;41;44;50;0;
1114;7;3;15;16;22;25;54;1;
1113;4;3;6;29;36;47;59;2;
1112;7;4;32;34;43;52;58;0;
1111;4;4;9;25;32;33;43;1;
1110;7;6;14;26;28;42;45;2;
1109;4;6;8;11;14;29;52;0;
1108;7;7;9;39;43;44;60;0;
1107;4;3;9;20;36;53;54;0;
1106;7;4;15;43;47;50;60;0;
1105;4;1;15;28;43;50;57;1;
1104;7;2;3;6;35;49;58;0;
1103;4;10;19;28;41;55;56;0;
1102;7;9;11;23;35;46;51;0;
1101;4;6;7;10;12;24;57;1;
1100;7;7;17;18;33;41;42;0;
1099;4;14;31;35;38;44;55;0;
1098;7;11;20;21;30;50;52;1;
1097;4;1;17;21;33;48;56;1;
1096;7;3;13;14;16;41;52;0;
1095;4;10;16;21;23;27;36;0;
1094;7;9;10;21;36;41;48;1;
1093;4;19;23;27;38;41;49;0;
1092;7;1;9;30;33;34;40;0;
1091;4;17;23;24;27;49;56;0;
1090;7;9;20;24;36;40;42;0;
1089;4;2;18;20;32;37;48;0;
1088;7;6;24;31;35;42;57;0;
1087;4;3;20;28;32;36;46;0;
1086;7;2;4;6;10;23;45;4;
1085;4;12;21;39;40;50;55;0;
1084;7;5;20;29;33;40;59;0;
1083;4;10;20;23;28;42;43;0;
1082;7;4;17;38;40;50;55;0;
1081;4;9;16;24;29;52;56;0;
1080;7;11;18;20;34;41;56;0;
1079;4;5;12;24;28;36;37;1;
1078;7;3;6;34;41;43;45;0;
1077;4;5;6;9;11;18;37;2;
1076;7;4;10;19;32;33;42;0;
1075;4;10;12;16;21;39;53;0;
1074;7;3;10;23;29;47;50;0;
1073;4;8;25;32;34;36;44;0;
1072;7;9;18;19;43;47;54;0;
1071;4;5;7;37;43;53;54;0;
1070;7;5;8;16;23;41;53;2;
1069;4;9;17;28;45;49;53;1;
1068;7;25;27;44;47;48;57;0;
1067;4;4;10;14;25;28;56;0;
1066;7;6;10;25;32;43;49;0;
1065;4;7;19;30;39;43;57;0;
1064;7;4;16;19;28;29;49;0;
1063;4;1;22;44;47;49;50;0;
1062;7;2;8;23;33;37;55;0;
1061;4;9;21;23;30;41;56;0;
1060;7;1;3;16;18;41;42;1;
1059;4;1;12;14;16;37;45;1;
1058;7;18;20;24;45;51;57;1;
1057;4;2;3;4;15;49;59;0;
1056;7;6;8;38;50;53;59;1;
1055;4;12;15;16;20;27;32;2;
1054;7;13;14;18;27;41;60;0;
1053;4;15;27;34;42;49;53;1;
1052;7;8;11;15;16;52;57;1;
1051;4;7;10;11;13;43;57;0;
1050;7;14;24;26;33;45;60;0;
1049;4;2;5;17;29;34;52;1;
1048;7;3;16;21;28;38;57;1;
397;4;1;2;5;24;32;46;0;
1046;7;28;40;42;54;55;57;1;
1045;4;1;5;6;17;31;50;0;
1044;7;10;11;13;35;39;58;0;
1043;4;14;21;25;48;51;60;0;
1042;7;13;18;25;30;46;51;0;
1041;4;10;12;36;44;54;57;1;
1040;7;1;6;28;39;44;55;0;
1039;4;2;20;24;27;36;52;0;
1038;7;6;7;28;35;43;51;0;
1037;4;4;36;44;46;53;56;0;
1036;7;10;27;36;39;41;52;1;
1035;4;1;11;26;51;59;60;0;
1034;7;1;3;18;20;42;49;0;
1033;4;5;6;17;33;39;54;0;
1032;7;15;16;26;29;43;57;0;
1031;4;24;33;40;43;46;49;1;
1030;7;1;8;23;37;54;57;0;
1029;4;5;16;17;20;24;32;1;
1028;7;20;26;34;51;52;54;0;
1027;4;18;20;33;44;47;60;0;
1026;7;6;10;17;33;51;53;0;
1025;4;10;27;28;29;40;52;0;
1024;7;18;22;28;29;39;53;0;
1023;4;2;7;8;18;40;45;0;
1022;1;5;21;31;39;40;56;0;
1021;4;2;33;42;43;51;55;1;
2079;3;1;2;14;37;55;58;0;
1019;4;4;13;23;29;46;47;0;
1018;7;9;24;44;51;55;58;0;
1017;4;6;19;31;34;51;56;0;
1016;7;5;9;11;20;25;60;1;
1015;4;3;8;17;26;28;49;0;
1014;7;8;9;25;41;57;60;0;
1013;4;7;9;12;19;20;41;1;
1012;7;14;19;40;47;55;58;0;
1011;4;2;11;21;30;35;52;0;
1010;7;2;3;13;37;46;54;0;
1009;4;1;6;12;29;34;58;2;
1008;7;7;13;15;34;42;48;0;
1007;4;4;27;36;37;49;52;0;
1006;7;2;4;17;33;48;55;1;
1005;4;4;6;12;37;41;42;1;
1004;7;29;40;43;44;45;47;0;
1003;4;5;10;16;23;26;27;1;
1002;7;3;7;25;31;40;58;1;
1001;4;12;15;27;37;51;60;0;
1000;7;29;38;39;49;53;58;0;
999;4;18;24;36;44;55;58;0;
998;7;3;4;21;22;28;32;0;
997;4;9;17;18;32;53;55;0;
996;7;7;15;20;21;23;29;2;
995;4;4;16;31;36;54;55;0;
994;7;3;20;29;40;44;58;0;
993;4;5;24;25;26;42;60;0;
992;7;1;4;6;8;25;28;0;
991;4;8;9;15;38;41;60;0;
990;7;2;10;15;18;29;39;2;
989;4;2;21;27;29;32;38;0;
988;7;8;17;46;48;56;60;0;
987;4;13;27;31;34;47;58;0;
986;7;6;15;19;24;31;32;0;
985;4;4;16;18;46;56;59;0;
984;7;4;10;20;43;46;47;0;
983;4;16;22;32;38;40;45;1;
982;7;8;12;24;40;43;49;0;
981;4;1;8;34;41;53;58;0;
980;7;15;17;29;35;36;59;0;
979;4;3;15;28;31;39;51;0;
978;7;12;16;18;27;42;58;0;
977;4;3;5;7;9;17;32;1;
976;7;14;23;25;28;38;53;0;
975;4;9;30;33;37;40;41;0;
974;7;12;16;20;31;38;45;0;
973;4;1;8;30;36;47;53;0;
972;7;15;18;31;33;34;56;3;
971;4;4;11;14;33;44;45;0;
970;7;5;21;28;34;54;57;3;
969;4;13;25;35;41;50;56;1;
968;7;1;4;13;30;51;60;0;
967;4;5;13;14;18;30;57;0;
966;7;1;4;26;28;41;58;0;
965;4;5;30;36;39;57;58;0;
964;7;8;13;20;26;33;42;0;
963;4;15;17;37;48;50;59;0;
962;7;2;11;40;48;49;55;1;
961;4;2;4;16;21;36;53;0;
960;7;6;18;19;33;34;53;0;
959;4;3;5;11;33;39;57;0;
958;7;7;13;22;33;48;51;3;
957;4;24;25;32;34;50;57;0;
956;7;46;47;51;54;57;59;1;
955;4;5;12;21;32;33;35;2;
954;7;5;8;18;24;33;57;0;
953;4;1;16;39;42;48;55;1;
952;7;2;11;18;27;30;54;0;
951;4;14;24;34;39;49;55;0;
950;7;23;41;42;48;49;59;0;
949;4;1;23;41;44;51;52;0;
948;7;22;41;44;46;52;54;0;
947;4;3;5;11;14;33;58;1;
946;7;1;5;12;47;52;59;0;
945;4;4;8;27;44;54;59;0;
944;7;16;37;43;52;58;59;0;
943;4;3;12;23;41;47;58;1;
942;7;5;8;18;42;52;59;0;
941;4;10;11;15;27;53;60;0;
940;7;5;25;31;33;37;51;0;
939;4;6;19;23;37;49;50;0;
938;7;15;27;35;50;57;59;0;
937;4;2;21;22;30;41;52;0;
936;7;5;14;22;29;33;44;2;
935;4;7;13;18;29;31;45;0;
934;7;1;3;21;25;44;48;0;
933;4;8;14;25;39;45;51;0;
932;7;2;17;21;36;42;53;1;
931;2;7;17;19;34;36;39;0;
930;7;20;28;37;46;49;55;0;
929;4;16;27;35;39;49;57;0;
928;7;4;10;32;33;49;60;1;
927;4;19;23;26;31;33;36;0;
926;7;21;33;34;40;41;59;0;
925;4;8;22;36;37;46;52;1;
924;7;2;20;21;27;51;60;0;
923;4;2;15;39;50;53;57;0;
922;7;12;13;19;41;45;49;0;
921;4;1;9;35;41;48;57;0;
920;7;5;17;24;52;55;57;0;
919;4;3;25;31;41;43;60;0;
918;7;4;8;12;38;44;52;0;
917;4;23;25;30;46;47;59;0;
916;7;5;28;33;36;37;38;0;
915;4;17;20;26;28;48;49;1;
914;7;9;12;23;33;45;51;0;
913;4;14;30;36;38;46;59;1;
912;7;4;19;21;26;29;54;0;
911;4;1;6;28;29;46;49;1;
910;7;3;15;27;29;36;53;0;
909;4;17;22;26;28;38;42;0;
908;7;1;9;19;25;50;52;0;
907;4;9;36;37;41;51;53;0;
906;7;7;14;24;29;35;39;1;
905;4;2;4;15;16;55;57;1;
904;7;32;44;48;51;53;59;0;
903;4;5;17;20;32;41;55;0;
902;7;18;23;50;52;55;58;0;
901;4;13;16;32;33;34;56;0;
900;7;4;18;21;34;38;59;1;
899;4;18;20;36;53;54;58;0;
898;7;3;4;8;30;45;54;2;
897;4;7;21;22;43;46;57;0;
896;7;5;11;22;31;35;41;0;
895;4;2;41;43;55;57;58;0;
894;7;20;24;28;37;41;44;0;
893;4;3;18;26;51;53;56;0;
892;7;1;19;42;44;49;52;0;
891;4;15;16;19;22;34;35;0;
890;7;7;9;17;21;22;54;0;
889;4;20;24;34;39;54;60;0;
888;7;24;40;50;52;54;60;1;
887;4;1;12;21;32;34;44;0;
886;7;17;33;37;50;55;59;0;
885;4;4;13;31;33;47;51;0;
884;7;2;11;12;14;22;39;0;
883;4;21;32;37;52;53;60;0;
882;7;17;41;42;44;45;60;1;
881;4;4;18;24;43;51;56;0;
880;7;25;30;37;46;49;51;0;
879;4;10;28;29;35;42;46;0;
878;7;11;12;37;38;43;54;0;
877;4;13;15;20;28;31;36;0;
876;7;4;8;12;41;45;60;0;
875;4;18;20;24;36;53;58;1;
874;7;10;20;42;44;52;59;0;
873;4;4;19;30;34;57;59;0;
872;7;5;18;31;43;55;58;0;
871;4;1;5;10;17;47;58;0;
870;7;8;21;34;40;43;52;0;
869;4;27;29;42;49;50;51;1;
868;7;21;22;25;40;51;57;0;
867;4;10;19;26;28;44;54;0;
866;7;5;27;36;40;46;48;0;
865;4;23;26;27;41;51;53;0;
864;7;8;11;31;33;42;57;0;
863;4;15;24;32;50;53;57;0;
862;7;2;8;11;12;19;35;1;
861;4;39;40;42;47;59;60;1;
860;2;2;8;17;22;42;44;0;
859;4;9;12;34;46;47;57;0;
858;7;4;18;23;31;37;54;2;
857;4;2;3;17;49;50;59;0;
856;7;11;15;40;41;42;47;0;
855;4;3;24;31;42;43;53;0;
854;7;3;17;24;25;27;44;0;
853;4;30;38;46;51;56;59;0;
852;7;6;14;23;34;38;44;0;
851;4;3;16;19;32;35;58;3;
850;7;7;22;25;44;59;60;0;
849;4;8;9;39;44;49;58;0;
848;7;17;27;32;34;47;56;1;
847;4;14;15;27;42;44;48;1;
846;7;2;3;44;47;50;54;0;
845;4;14;19;20;40;48;52;0;
844;7;16;24;34;44;54;57;0;
843;7;1;16;34;36;45;48;0;
842;4;7;9;30;44;51;60;0;
841;7;7;22;32;36;38;51;0;
840;4;17;29;31;35;43;59;0;
839;7;7;8;11;18;37;43;0;
838;4;9;23;30;38;44;47;0;
837;7;5;6;16;24;34;60;1;
836;4;17;22;28;38;52;59;0;
835;7;18;31;33;49;57;58;0;
834;4;10;16;17;34;44;51;1;
833;7;13;16;46;53;57;58;0;
832;4;15;17;23;33;39;49;1;
831;7;3;32;33;42;48;50;0;
830;4;2;13;41;49;51;53;0;
829;1;10;14;32;47;50;56;0;
828;7;23;28;38;42;50;53;0;
827;5;18;24;30;42;51;56;0;
826;3;6;7;8;27;45;53;0;
825;7;10;21;28;40;41;47;0;
824;4;6;7;9;20;33;48;0;
823;7;1;15;26;51;54;59;0;
822;4;4;10;17;27;41;52;0;
821;7;4;29;33;36;38;42;0;
820;4;10;17;21;32;45;46;2;
819;7;5;19;25;46;51;58;0;
818;4;8;9;22;25;41;44;0;
817;7;10;29;30;34;43;52;0;
816;5;20;21;30;40;47;52;0;
815;7;9;19;37;39;50;57;0;
814;4;2;8;11;41;46;50;0;
813;7;9;15;23;45;46;56;0;
812;4;11;13;38;39;54;57;0;
811;7;10;28;32;41;47;57;2;
810;4;1;4;5;33;37;48;0;
809;7;5;11;15;23;25;30;0;
808;4;2;15;21;31;46;57;0;
807;7;2;8;27;32;49;56;0;
806;5;18;26;35;41;47;60;0;
805;7;2;30;36;43;48;60;0;
804;4;3;13;37;47;56;59;1;
803;7;3;5;10;21;28;57;0;
802;4;6;14;18;24;48;60;0;
801;7;11;19;20;22;42;48;0;
800;4;1;7;11;37;38;56;0;
799;7;19;29;35;42;55;57;0;
798;4;3;4;9;29;32;52;0;
797;7;6;12;47;48;52;58;0;
796;4;5;19;24;34;39;43;0;
795;7;14;21;26;29;36;48;0;
794;4;3;38;42;47;55;56;0;
793;7;3;15;16;33;51;57;0;
792;4;9;29;34;43;45;56;0;
791;7;9;14;19;35;42;58;1;
790;4;2;6;19;22;28;43;0;
789;7;6;31;38;39;50;60;0;
788;4;17;19;29;31;44;57;0;
787;7;20;31;34;37;54;60;0;
786;4;10;11;26;27;31;41;0;
785;7;5;8;17;35;37;48;1;
784;4;8;27;37;42;53;56;0;
783;7;4;8;21;32;43;48;1;
782;4;2;11;23;35;42;59;0;
781;7;8;10;13;39;54;56;0;
780;4;7;10;28;50;51;59;0;
779;7;25;26;29;36;52;54;0;
778;4;20;31;36;37;45;51;0;
777;7;2;14;23;28;50;56;0;
776;4;3;15;35;41;57;60;0;
775;7;12;27;42;46;47;50;0;
774;4;5;10;37;46;54;58;1;
773;7;3;5;14;29;34;51;0;
772;4;10;35;38;51;52;60;0;
771;7;14;21;29;34;46;47;0;
770;4;4;12;25;34;35;48;0;
769;7;12;16;20;21;29;50;0;
768;4;4;8;30;33;37;59;1;
767;7;15;22;32;38;50;54;0;
766;4;1;19;24;42;50;58;0;
765;1;3;10;16;30;37;50;0;
764;5;3;7;45;47;53;55;1;
763;7;1;9;26;40;47;48;0;
762;4;9;12;21;37;39;54;0;
761;7;13;17;27;29;40;56;0;
760;4;12;17;44;45;46;60;0;
759;7;30;31;39;45;48;59;0;
758;4;1;23;36;43;47;59;0;
757;7;12;17;18;30;32;58;0;
756;4;5;27;37;38;41;50;0;
755;7;4;12;30;47;49;59;0;
754;4;3;4;13;34;42;50;0;
753;7;2;7;22;35;43;59;1;
752;4;4;23;24;25;29;42;0;
751;7;4;7;20;25;38;50;0;
750;4;10;17;33;42;54;58;0;
749;7;4;24;47;48;50;57;0;
1250;4;1;2;24;40;51;59;0;
747;7;2;3;12;21;23;56;0;
746;4;1;10;12;25;49;57;2;
745;7;2;16;21;37;43;57;0;
744;4;4;12;23;26;39;46;0;
743;7;20;23;25;32;54;60;0;
742;4;2;7;17;34;41;50;0;
741;7;24;26;27;36;39;59;0;
740;4;12;16;28;29;47;50;1;
739;7;6;10;35;45;49;56;0;
738;4;14;15;26;30;42;54;0;
737;7;11;12;24;32;33;38;0;
736;4;1;21;38;41;49;56;0;
735;7;9;15;38;40;42;52;0;
734;4;27;29;43;44;45;54;1;
733;7;2;12;26;31;43;46;0;
732;4;6;17;19;49;50;53;0;
731;7;6;15;16;23;28;35;0;
730;4;2;15;16;45;50;54;0;
729;7;5;18;33;43;56;57;1;
728;4;8;13;24;32;42;44;0;
727;7;4;12;14;30;42;59;0;
726;4;1;5;7;37;40;47;0;
725;7;3;9;35;37;41;49;2;
724;4;17;27;34;48;51;55;0;
723;7;1;6;16;36;50;52;0;
722;4;9;18;36;44;57;60;0;
721;7;3;14;23;25;36;55;0;
720;4;12;31;44;51;54;56;0;
719;7;3;32;37;39;47;53;0;
718;4;7;21;33;35;39;58;0;
717;7;6;17;23;28;35;41;0;
716;4;2;7;16;29;32;50;1;
715;7;4;12;24;33;36;54;3;
714;4;7;8;17;35;39;53;0;
713;7;1;12;16;26;46;54;0;
712;4;7;8;35;43;53;58;0;
711;7;5;10;33;40;41;59;0;
710;7;5;25;34;39;46;49;0;
709;4;4;6;9;22;29;44;0;
708;7;7;9;13;39;45;47;0;
707;4;1;8;10;36;43;51;2;
706;7;2;7;10;17;22;60;0;
705;7;3;11;13;15;26;43;0;
704;4;2;4;18;27;34;50;0;
703;7;2;11;24;27;30;45;0;
702;4;1;18;45;56;57;58;0;
701;7;1;13;23;31;48;60;0;
700;4;2;3;14;24;31;40;0;
699;2;17;23;48;50;53;54;0;
698;4;8;12;22;27;43;55;0;
697;7;28;31;32;35;51;53;0;
696;7;9;16;34;37;53;57;2;
695;4;6;11;13;21;40;52;0;
694;7;15;19;29;37;41;53;0;
693;4;13;14;17;31;41;50;0;
692;7;11;18;33;57;58;60;0;
691;4;8;16;37;50;55;58;0;
690;7;8;12;15;41;47;53;0;
689;4;6;7;31;49;51;60;0;
688;7;11;21;30;35;47;52;0;
687;4;1;7;14;41;48;59;0;
686;7;4;5;15;26;33;54;0;
685;4;5;12;27;33;43;56;1;
684;7;17;19;33;37;40;50;0;
683;4;2;11;12;35;40;43;0;
682;7;4;27;36;37;47;60;0;
681;4;21;25;38;53;58;59;0;
680;7;2;3;5;22;26;44;0;
679;4;3;21;25;37;54;58;1;
678;7;14;31;40;42;44;46;0;
677;4;8;10;25;32;48;55;0;
676;7;9;15;32;41;42;49;0;
675;4;24;25;30;42;43;50;0;
674;7;18;22;29;32;38;42;0;
673;4;6;11;20;34;37;40;0;
672;7;24;28;34;38;43;53;0;
671;4;9;16;27;38;39;51;0;
670;7;22;37;42;48;58;59;0;
669;4;7;24;27;40;41;49;1;
748;4;1;2;7;19;35;51;0;
667;4;1;4;5;16;23;49;1;
666;7;7;16;26;29;45;55;0;
665;4;7;8;18;25;47;48;0;
664;7;1;12;36;38;55;59;0;
663;4;1;27;30;49;51;55;0;
662;7;4;18;23;25;56;60;0;
661;4;4;27;36;40;42;55;0;
660;7;5;11;38;46;53;54;0;
659;4;14;29;34;40;51;52;0;
658;7;3;6;11;20;36;41;0;
657;4;16;20;33;58;59;60;1;
656;7;35;36;37;46;51;59;0;
655;4;1;26;37;39;43;48;0;
654;7;6;10;11;40;41;56;1;
653;4;5;9;19;24;31;34;0;
652;7;10;18;20;24;56;57;0;
651;4;26;28;39;45;48;60;0;
650;7;10;24;25;29;53;59;0;
649;4;9;24;33;41;48;54;0;
648;7;5;23;29;42;45;48;3;
647;4;11;12;14;19;54;56;1;
646;7;10;13;32;47;49;60;0;
645;4;3;24;48;52;53;54;0;
644;7;14;27;29;31;34;57;0;
643;4;14;24;37;40;42;45;0;
642;7;17;36;40;44;51;56;0;
641;4;1;9;13;17;33;34;1;
640;7;12;19;42;46;59;60;0;
639;4;13;35;39;45;51;60;0;
638;7;10;11;36;41;42;50;0;
637;7;11;18;43;48;52;58;0;
636;4;26;28;30;32;34;50;0;
635;7;8;20;26;37;42;49;0;
634;4;10;13;24;41;42;56;0;
633;7;5;11;22;27;46;50;0;
632;4;2;19;28;48;51;54;0;
631;7;1;20;28;32;44;47;1;
630;4;12;16;20;45;53;60;0;
629;7;15;16;39;40;47;51;1;
628;4;8;16;22;30;56;58;1;
627;4;1;13;19;45;56;58;0;
626;4;7;8;18;22;39;49;0;
625;7;12;24;32;40;42;59;0;
624;4;8;23;34;39;43;52;1;
623;7;9;23;30;42;49;55;0;
622;4;19;27;29;38;50;59;0;
621;7;26;29;31;49;50;57;0;
620;4;1;3;13;22;29;32;0;
619;7;8;12;14;16;19;46;0;
618;4;3;8;10;13;24;60;0;
617;7;3;5;25;33;36;49;2;
616;4;2;12;16;24;26;54;0;
615;7;5;8;10;27;31;51;0;
614;4;12;16;31;48;57;60;0;
613;7;6;13;19;44;54;55;0;
612;4;15;18;33;50;53;55;0;
611;7;16;21;22;33;48;49;0;
610;4;25;30;43;45;47;49;0;
609;7;2;6;15;58;59;60;0;
608;4;6;13;19;24;30;37;0;
607;7;6;11;19;27;41;59;0;
606;4;6;23;32;35;41;55;1;
605;7;4;24;44;49;52;53;0;
604;4;15;25;41;46;49;51;0;
603;7;4;8;11;12;29;44;1;
602;4;7;13;38;46;55;60;0;
601;7;10;19;22;29;30;37;0;
600;4;16;18;31;34;39;54;0;
599;7;4;6;9;23;45;51;0;
598;4;5;16;34;38;50;53;2;
597;7;22;27;29;40;42;56;0;
596;4;11;14;28;43;54;60;0;
1505;7;1;2;6;9;16;32;0;
594;4;10;13;29;47;53;55;0;
593;7;1;25;27;29;49;59;0;
592;4;13;14;42;47;55;59;0;
591;7;1;3;18;34;50;58;0;
590;4;4;5;18;25;28;51;0;
589;7;6;7;8;13;33;59;0;
588;4;11;13;45;46;53;55;0;
587;7;2;18;29;30;36;60;0;
586;4;11;13;38;39;45;54;0;
585;7;12;24;33;36;39;57;1;
584;4;7;8;23;30;32;53;0;
583;7;6;7;20;41;43;55;0;
582;4;13;29;40;45;51;59;0;
581;7;14;17;25;30;39;52;1;
580;4;15;16;18;28;38;47;0;
579;7;4;9;15;17;34;39;1;
578;4;3;18;23;48;56;58;1;
577;7;8;23;24;28;31;47;0;
576;4;7;8;18;39;43;52;0;
575;7;5;18;21;29;35;48;2;
574;4;2;10;17;23;32;44;0;
573;7;6;17;22;29;40;59;0;
572;4;3;9;16;20;33;60;0;
571;7;12;13;14;31;50;51;0;
570;4;15;32;33;35;36;51;0;
569;7;3;9;14;15;32;57;1;
568;4;13;17;22;25;29;41;0;
567;7;11;31;38;41;57;58;0;
566;4;6;13;17;18;20;37;0;
565;7;7;31;34;35;37;45;0;
564;4;10;13;20;32;38;49;0;
563;7;5;8;23;34;44;51;0;
562;4;16;23;35;37;55;57;0;
561;7;1;20;36;39;49;55;0;
560;4;2;11;18;30;32;58;0;
559;7;6;13;17;25;36;53;1;
558;4;7;14;31;57;58;59;0;
557;7;8;12;18;23;38;49;0;
556;4;8;10;17;30;33;45;0;
555;7;5;23;31;33;45;49;1;
554;4;15;29;31;42;47;60;0;
553;7;4;43;46;53;54;58;0;
552;4;9;22;47;49;52;54;0;
551;7;12;21;46;48;56;57;0;
550;4;16;17;38;39;45;56;0;
549;7;8;13;22;46;51;58;0;
548;4;14;47;49;51;58;59;0;
547;7;4;13;28;30;53;59;1;
546;4;4;5;13;17;46;54;0;
545;7;17;29;35;40;43;57;1;
544;4;11;17;33;34;47;56;0;
543;7;35;37;42;46;49;54;1;
542;4;4;6;19;28;35;49;0;
541;7;13;27;49;52;57;58;1;
540;7;4;22;28;30;44;49;0;
539;4;6;16;19;47;50;55;0;
538;7;3;25;43;45;52;56;0;
537;4;3;7;19;34;37;39;1;
536;7;14;15;22;23;25;37;0;
535;4;6;14;28;47;49;56;1;
534;7;3;8;23;31;48;57;1;
533;4;13;18;21;27;53;59;0;
532;7;4;9;12;13;52;53;0;
531;4;1;3;7;18;35;50;0;
530;7;1;6;21;25;32;49;0;
529;4;1;13;33;38;45;56;15;
528;7;8;12;28;31;34;37;0;
527;4;6;14;17;26;50;52;0;
526;7;3;21;31;36;55;59;0;
525;7;8;10;24;26;32;49;2;
524;7;19;29;34;41;47;48;1;
523;4;28;39;40;44;45;58;0;
522;7;6;14;15;25;49;52;0;
521;4;15;25;28;32;38;45;0;
520;7;9;12;17;32;34;35;0;
519;4;9;15;19;22;36;42;0;
518;7;5;8;10;15;18;44;0;
517;4;7;8;28;32;38;51;0;
516;7;5;13;24;33;34;35;0;
515;4;15;16;39;45;48;57;0;
514;7;15;36;40;42;51;52;0;
513;4;10;19;27;33;39;46;0;
512;7;4;8;31;40;53;58;3;
511;4;3;4;8;34;36;37;0;
510;7;1;4;30;41;45;58;2;
509;4;28;32;33;34;35;55;0;
508;7;5;10;15;45;46;56;0;
507;4;3;5;27;33;44;58;2;
506;7;4;15;31;34;37;38;0;
505;4;3;20;28;46;47;52;0;
504;7;8;11;19;30;39;50;0;
503;4;7;10;21;27;48;49;0;
502;7;7;13;21;24;33;50;2;
501;4;16;27;28;34;39;56;0;
500;7;21;29;35;36;38;54;1;
499;7;1;4;5;11;44;59;1;
498;4;2;6;28;49;50;57;0;
497;7;9;13;20;32;41;58;0;
496;4;10;19;20;29;41;59;0;
495;7;8;15;29;36;49;60;0;
494;4;18;20;28;32;49;53;0;
493;7;3;18;20;24;42;54;0;
492;4;2;6;15;18;56;57;0;
491;7;1;9;15;22;43;55;1;
490;4;5;11;23;29;54;58;1;
489;7;17;28;33;36;53;59;0;
488;4;15;30;35;39;43;57;0;
487;7;8;22;25;48;52;54;2;
486;4;8;14;19;30;42;50;1;
485;7;19;28;30;38;52;57;0;
484;4;17;18;19;38;49;53;0;
483;7;16;18;23;35;44;59;0;
482;4;12;13;33;53;54;56;0;
481;7;6;13;22;24;42;44;3;
480;4;14;33;36;38;41;49;0;
479;7;20;26;41;46;54;58;0;
478;4;3;8;21;25;30;31;0;
477;7;6;8;18;34;38;47;3;
476;4;17;20;38;43;55;58;0;
475;7;6;8;19;22;43;52;0;
474;4;3;12;32;34;40;50;0;
473;7;7;23;41;49;51;58;0;
472;4;3;4;12;29;38;51;0;
471;7;5;31;32;36;51;59;0;
470;4;8;11;23;37;51;58;0;
469;7;13;21;26;29;42;47;2;
468;4;5;6;23;25;39;51;0;
467;7;8;18;21;22;38;60;0;
466;4;11;16;28;29;30;45;0;
465;7;1;22;31;46;51;57;0;
464;4;6;24;33;38;45;50;1;
463;7;2;3;7;18;45;53;0;
462;4;17;19;22;26;27;48;0;
461;7;15;17;20;29;30;60;0;
460;4;19;23;30;37;49;55;0;
459;7;8;15;17;39;43;49;0;
458;4;13;24;32;34;43;53;0;
457;7;15;17;24;27;32;48;3;
456;4;3;17;22;27;33;40;0;
455;7;2;14;15;17;50;59;0;
454;4;4;17;24;42;46;56;0;
453;7;8;20;23;34;52;58;0;
452;4;11;16;30;36;51;54;0;
451;7;17;18;23;28;31;53;0;
450;4;1;9;13;50;51;59;0;
449;7;1;8;24;34;49;56;0;
448;4;3;5;9;45;51;52;0;
447;7;15;24;25;33;42;55;0;
446;4;8;11;12;17;20;47;2;
445;7;7;20;31;32;50;53;0;
444;4;3;24;33;48;52;57;0;
443;7;11;17;26;36;48;52;0;
442;7;6;15;23;31;37;59;1;
441;4;2;10;15;21;58;59;0;
440;7;3;5;23;30;46;47;0;
439;4;13;20;29;42;43;57;0;
438;7;3;5;11;14;38;48;0;
437;4;7;10;30;44;54;59;0;
436;7;1;6;7;29;48;57;0;
435;4;10;11;17;31;37;43;0;
434;7;4;10;17;24;30;54;0;
433;4;16;17;28;30;36;54;0;
432;7;4;13;17;27;39;50;0;
431;4;26;37;40;47;52;58;0;
430;7;8;10;21;25;38;50;1;
429;4;17;26;32;36;43;55;0;
428;7;8;28;30;32;46;60;0;
427;4;3;13;14;24;43;51;0;
426;7;7;30;32;37;50;54;0;
425;7;6;10;16;34;42;47;1;
424;7;18;27;29;36;46;59;0;
423;4;8;22;32;33;40;53;0;
422;7;12;37;43;55;56;60;0;
421;4;5;35;37;38;45;51;0;
420;7;12;29;30;43;57;59;0;
419;4;9;16;41;42;52;53;0;
418;7;8;15;32;45;49;52;2;
417;4;7;12;21;25;34;42;0;
416;7;1;13;23;33;54;56;0;
415;4;1;4;27;38;42;44;0;
414;7;16;26;35;45;52;58;1;
413;4;2;4;29;33;35;53;0;
412;7;5;12;14;21;45;59;0;
411;4;10;12;31;38;45;56;0;
410;7;8;24;31;36;38;55;0;
409;4;18;25;26;31;34;49;0;
408;7;14;28;33;44;49;56;1;
407;4;2;18;22;49;51;57;0;
406;7;2;12;32;38;47;48;0;
405;4;24;29;34;47;57;60;0;
404;7;1;24;28;38;40;58;0;
403;4;7;16;27;31;46;60;0;
402;7;5;16;27;43;56;58;0;
401;4;11;18;43;44;50;53;0;
400;7;10;13;28;29;54;59;0;
399;4;11;16;27;47;55;59;0;
398;7;7;16;22;28;36;37;1;
1638;4;1;2;38;41;42;58;0;
396;7;6;18;34;42;45;47;0;
395;4;10;11;14;20;31;58;1;
394;7;5;15;35;42;45;49;0;
393;4;6;12;35;36;40;50;0;
392;7;15;23;31;39;47;49;1;
391;4;4;7;15;16;35;40;0;
390;7;7;12;22;34;38;53;1;
389;4;5;14;18;43;46;54;0;
388;7;23;36;48;52;53;58;0;
387;4;22;28;29;43;47;48;0;
386;7;17;35;36;39;43;54;0;
385;4;5;12;16;18;22;24;2;
384;7;24;28;40;47;50;52;0;
383;4;14;22;48;50;53;56;0;
382;7;31;34;37;38;53;54;0;
381;4;9;10;28;46;55;56;0;
380;7;13;22;30;31;47;57;0;
379;4;24;33;40;41;55;59;0;
378;7;5;38;41;45;48;55;0;
377;4;3;12;19;27;45;46;0;
376;7;10;13;25;35;43;48;0;
375;4;1;5;9;42;51;58;0;
374;7;2;5;16;26;44;54;0;
373;4;1;5;10;24;31;33;0;
372;7;16;17;24;39;46;57;2;
371;4;4;18;23;33;39;60;0;
370;7;1;4;40;42;51;54;0;
369;4;1;14;21;35;42;60;1;
368;7;13;29;32;38;44;50;0;
367;4;10;12;27;33;49;52;1;
366;7;4;6;7;15;21;51;0;
365;4;19;23;34;37;52;58;1;
364;7;5;29;44;51;57;59;1;
363;4;19;29;39;47;49;54;0;
362;7;7;20;33;37;46;56;1;
361;4;16;28;31;41;45;59;0;
360;7;23;24;29;47;53;55;0;
359;4;13;19;20;29;31;54;0;
358;7;12;17;21;32;40;42;0;
357;7;2;30;32;35;45;53;0;
356;4;5;19;21;54;56;58;0;
355;7;2;14;22;23;37;60;0;
354;4;7;16;38;40;41;52;1;
353;7;19;23;30;46;55;60;0;
352;4;7;20;25;44;47;49;0;
351;7;15;16;24;41;59;60;0;
350;4;10;15;23;30;43;57;0;
349;7;8;9;28;32;38;54;0;
348;4;19;30;33;39;40;52;0;
347;7;1;10;12;26;48;52;0;
346;4;7;12;41;46;56;60;0;
345;7;11;22;46;51;56;58;1;
344;4;10;12;14;33;35;36;0;
343;7;4;6;7;12;24;41;2;
342;4;16;29;34;49;51;54;0;
341;7;5;16;22;23;43;56;0;
340;4;9;10;12;33;42;60;0;
339;7;5;12;13;16;27;50;0;
338;4;1;4;9;36;46;48;0;
337;7;4;14;16;31;52;54;0;
336;7;2;18;22;26;30;54;0;
335;4;7;23;33;43;57;59;0;
334;7;14;23;24;26;41;51;2;
333;4;4;27;35;44;52;53;0;
332;7;23;28;29;34;42;44;0;
331;4;1;13;20;27;35;37;0;
330;7;2;4;14;23;37;51;0;
329;4;10;11;12;24;35;40;0;
328;7;5;7;14;21;23;51;1;
327;4;29;32;33;38;46;48;0;
326;7;21;23;40;44;51;52;0;
325;7;1;3;4;21;23;53;2;
324;7;8;15;22;25;30;47;0;
323;4;26;31;33;40;49;54;0;
322;7;11;18;29;44;47;56;0;
321;4;4;11;31;32;48;49;0;
320;7;20;22;27;47;50;53;0;
319;4;12;16;17;19;23;48;0;
318;7;3;19;20;31;40;53;1;
317;4;16;20;27;30;35;48;0;
316;7;6;24;28;43;51;56;0;
315;4;12;21;22;28;43;50;1;
314;7;5;32;34;37;40;58;0;
313;4;14;16;24;37;38;53;0;
312;7;14;23;30;41;47;50;0;
311;4;22;24;30;32;38;41;0;
310;7;2;14;28;29;31;32;0;
309;4;4;11;25;39;50;55;1;
308;7;4;11;25;29;39;55;1;
307;4;13;16;17;26;41;44;0;
306;7;19;30;41;47;56;57;0;
305;4;5;11;27;38;53;60;0;
304;7;7;11;34;41;42;59;0;
303;4;7;13;17;30;37;47;1;
302;7;12;25;30;40;41;60;0;
301;4;9;26;48;49;57;58;0;
300;7;24;27;28;38;41;57;0;
299;4;2;5;7;33;49;53;0;
298;7;5;22;23;24;34;60;1;
297;4;1;20;28;33;36;41;0;
296;7;3;20;42;46;51;52;0;
295;4;7;12;24;31;44;50;0;
294;7;22;25;28;41;45;57;2;
293;4;5;6;7;12;28;35;0;
292;7;13;23;24;34;45;53;0;
291;4;5;16;17;18;22;41;0;
290;7;7;25;26;30;40;57;0;
289;4;6;7;20;25;30;36;0;
288;7;6;9;11;17;18;50;0;
287;4;3;13;25;33;47;60;1;
286;7;29;35;37;44;47;56;0;
285;4;12;32;37;41;50;56;0;
284;7;7;8;14;30;32;36;1;
283;4;25;28;34;42;48;54;1;
282;7;9;14;23;24;33;36;1;
281;7;5;11;31;38;47;53;1;
280;7;5;16;20;25;30;58;0;
279;7;4;23;31;47;58;59;0;
278;7;10;15;18;22;31;55;0;
277;7;4;26;38;40;52;56;0;
276;7;22;39;45;53;57;59;0;
275;7;16;19;30;37;38;48;0;
274;7;11;13;18;26;39;47;0;
273;7;10;17;23;27;47;52;1;
272;7;9;10;24;36;56;58;0;
271;7;14;24;26;29;31;54;0;
270;7;5;9;27;35;40;45;1;
269;7;17;18;19;25;49;52;0;
268;7;5;6;10;21;33;47;0;
267;7;1;8;45;46;55;58;0;
266;7;2;23;38;46;48;54;0;
265;7;7;16;34;41;50;53;0;
264;7;1;5;13;25;31;33;2;
263;7;8;9;26;43;50;53;0;
262;7;11;20;48;53;58;60;0;
261;7;5;16;20;30;54;56;0;
260;7;4;6;33;43;59;60;0;
259;7;13;15;20;33;43;58;0;
258;7;7;12;50;54;55;60;0;
257;7;1;4;5;19;28;34;1;
256;7;2;21;26;32;34;52;0;
255;7;16;19;20;32;44;55;0;
254;7;1;4;21;22;30;56;0;
253;7;11;12;24;37;44;56;0;
252;7;4;17;26;32;51;54;2;
251;7;15;23;30;34;49;55;0;
250;7;7;25;41;42;43;55;0;
249;7;21;36;40;49;54;55;0;
248;7;16;32;34;35;41;56;0;
247;7;3;10;23;30;34;46;0;
246;7;2;16;32;37;43;57;0;
245;7;8;27;44;51;53;60;3;
244;7;19;24;33;47;50;60;0;
243;7;11;16;20;23;32;47;0;
242;7;4;7;21;22;28;56;0;
241;7;11;31;35;40;56;57;0;
240;7;25;28;38;41;57;59;0;
239;7;6;21;33;44;46;47;1;
238;7;9;13;15;37;41;42;4;
237;7;7;31;36;45;56;57;0;
236;7;10;25;50;52;57;60;0;
235;7;2;22;29;31;41;55;0;
234;7;15;25;41;42;45;54;0;
233;7;3;7;24;32;36;45;5;
232;7;19;22;29;37;41;59;0;
231;7;16;27;36;42;44;59;0;
230;7;8;40;41;44;53;56;0;
229;7;11;13;21;33;39;45;1;
228;7;13;16;40;43;45;59;0;
227;7;11;26;27;37;42;48;0;
2137;4;1;2;11;12;34;49;0;
225;7;2;4;16;21;37;58;0;
224;7;7;16;18;20;21;44;0;
223;7;2;6;22;24;28;58;0;
222;7;5;19;30;48;52;55;0;
221;7;13;27;43;50;54;58;0;
220;7;13;14;36;53;55;60;1;
219;7;23;26;28;36;42;49;0;
218;7;12;17;40;42;47;54;1;
217;7;3;27;32;45;49;51;0;
216;7;14;18;30;35;42;59;4;
215;7;7;28;37;46;53;58;0;
214;7;6;12;30;31;35;50;0;
213;7;3;9;23;30;32;35;3;
212;7;6;15;29;45;57;59;0;
211;7;10;20;33;40;45;50;0;
210;7;20;32;37;38;48;58;0;
209;7;13;21;26;32;41;52;0;
208;7;15;23;24;25;47;57;0;
207;7;3;7;19;24;53;55;0;
206;7;18;20;26;34;51;56;0;
205;7;26;32;40;43;46;54;1;
204;7;29;31;39;41;51;58;0;
203;7;11;19;29;44;47;55;0;
202;7;12;24;44;45;49;53;0;
201;7;5;20;22;30;35;55;1;
200;6;12;15;19;34;44;51;2;
199;6;10;16;37;50;52;57;1;
198;7;1;8;18;23;35;40;0;
197;7;5;12;15;19;29;52;0;
196;7;7;9;14;17;24;32;0;
195;7;3;9;17;32;37;44;1;
194;7;25;28;32;33;42;43;0;
193;7;4;11;12;19;43;49;0;
192;7;1;26;28;41;54;60;0;
191;1;1;3;5;23;41;58;1;
190;1;5;10;21;32;40;42;0;
189;7;4;15;31;38;41;53;0;
188;1;17;27;34;42;43;46;1;
187;7;6;36;41;44;48;58;0;
186;7;14;23;24;25;26;51;0;
185;7;17;22;43;46;55;59;0;
184;7;9;16;21;34;41;60;0;
183;7;2;7;11;16;40;44;0;
182;7;3;5;10;28;46;60;0;
181;7;1;27;33;35;51;55;0;
180;7;6;23;29;39;51;60;0;
179;7;5;6;23;26;27;53;0;
178;7;5;15;19;26;27;33;1;
177;7;22;35;38;39;41;59;0;
176;7;1;3;4;28;45;53;0;
175;7;1;10;13;20;42;50;0;
174;7;11;22;23;36;52;59;0;
173;7;17;28;29;42;49;50;1;
172;7;10;14;26;35;36;49;0;
171;7;4;27;40;43;46;54;1;
170;7;7;41;46;51;55;58;0;
169;7;1;13;21;37;51;52;0;
168;7;2;9;31;35;45;50;0;
167;7;1;11;28;33;38;48;1;
166;7;12;13;22;57;59;60;0;
165;7;10;19;23;35;39;56;2;
164;7;4;10;14;19;28;44;0;
163;7;8;27;36;41;53;56;2;
162;7;21;23;33;38;48;51;0;
161;7;6;25;30;37;39;41;0;
160;7;2;13;42;52;54;58;0;
159;7;9;11;16;35;50;58;1;
158;7;4;14;17;43;51;58;0;
157;7;4;13;17;21;41;44;1;
156;7;17;23;42;49;52;55;0;
155;7;12;30;32;35;43;44;1;
154;7;8;10;24;33;45;48;0;
153;7;2;30;31;42;45;47;0;
152;7;5;12;15;29;51;58;0;
151;7;3;16;20;43;52;56;1;
150;7;12;44;50;52;54;55;0;
149;7;7;11;20;28;45;48;0;
148;5;32;35;41;55;58;59;0;
147;5;6;16;23;24;28;38;1;
146;7;25;32;34;42;51;60;0;
145;7;15;16;31;41;43;51;0;
144;7;8;32;36;44;45;55;1;
143;7;6;18;20;40;50;53;0;
142;7;8;15;19;20;54;59;0;
141;7;10;13;22;41;42;58;0;
140;7;7;31;41;44;46;55;0;
139;7;3;13;26;27;41;42;2;
138;7;5;14;27;37;40;41;0;
137;7;15;16;19;22;26;49;0;
136;7;1;17;25;38;45;59;0;
135;7;21;22;35;40;53;59;0;
134;7;4;25;32;36;52;60;0;
133;7;5;6;19;34;39;57;1;
132;7;7;9;35;41;44;50;0;
131;7;4;9;17;27;30;44;0;
130;7;13;29;38;42;49;53;0;
129;7;1;9;10;32;46;54;0;
128;7;3;9;18;21;23;43;0;
127;7;21;29;50;51;54;59;0;
126;7;6;10;11;28;32;40;0;
125;7;25;41;47;53;56;59;0;
124;7;5;15;34;41;52;57;1;
123;7;13;14;16;26;32;42;0;
122;7;11;17;20;39;43;53;0;
121;7;2;29;41;44;53;55;0;
120;7;3;16;27;40;45;46;0;
119;7;1;21;36;38;47;50;0;
118;7;9;22;25;37;56;57;0;
117;7;20;25;27;33;42;53;0;
116;7;5;13;32;36;42;51;0;
115;7;4;6;14;20;24;38;0;
114;7;6;12;18;37;47;54;0;
113;7;7;26;28;34;54;55;0;
112;7;12;20;34;37;42;43;1;
111;7;4;22;25;32;33;52;0;
110;7;18;31;43;52;57;58;0;
109;7;1;13;44;48;49;54;0;
108;1;21;24;29;34;59;60;0;
107;1;2;4;16;24;51;52;0;
106;1;5;16;24;35;38;39;0;
105;1;3;13;31;43;46;49;0;
104;1;1;4;13;21;38;52;0;
103;1;1;7;9;49;54;57;1;
102;1;19;20;37;42;44;56;1;
101;1;1;18;29;31;37;39;0;
100;1;14;29;30;46;48;51;0;
99;1;11;24;30;33;46;60;0;
98;1;13;14;31;33;35;43;0;
97;1;5;11;14;35;53;56;1;
96;1;4;7;26;40;42;58;1;
95;1;6;40;45;46;50;60;0;
94;1;8;18;28;51;52;55;0;
93;1;2;22;28;31;36;53;0;
92;1;1;3;5;23;24;51;0;
91;1;2;4;10;35;39;60;0;
90;1;9;21;26;40;52;54;1;
89;1;13;34;42;44;55;59;0;
88;1;4;18;29;37;43;45;0;
87;1;4;5;11;28;32;40;0;
86;1;6;21;22;34;36;54;0;
85;1;6;15;30;37;45;47;0;
84;1;4;6;10;25;34;40;0;
83;1;4;15;16;24;42;57;0;
82;1;15;18;29;36;51;53;1;
81;1;10;23;41;47;54;60;0;
80;1;23;28;37;40;48;51;0;
79;1;2;13;17;25;31;43;1;
78;1;12;22;25;31;32;46;0;
77;1;21;29;40;49;54;57;0;
76;1;8;17;18;23;33;53;0;
75;1;21;24;35;36;37;49;0;
74;1;2;24;34;37;38;50;0;
73;1;25;26;28;45;51;57;1;
72;1;1;19;34;43;44;48;0;
71;1;16;27;33;43;45;53;0;
70;1;17;23;27;40;43;58;0;
69;1;25;34;45;53;56;58;0;
68;1;1;3;12;13;53;59;0;
67;1;12;14;17;27;47;52;0;
66;1;12;13;15;26;33;48;0;
65;1;1;5;20;25;32;34;0;
64;1;8;12;23;50;54;60;0;
63;1;9;25;26;40;41;49;1;
62;1;6;8;13;24;31;52;0;
61;1;8;18;29;42;44;59;0;
60;1;3;14;15;20;21;38;0;
59;1;2;8;13;28;34;54;0;
58;1;12;27;30;37;44;49;1;
57;1;7;16;17;27;34;59;0;
56;1;2;7;20;35;51;59;0;
55;1;2;14;23;29;38;52;0;
54;1;5;9;18;21;36;56;2;
53;1;3;13;16;38;42;46;0;
52;1;15;30;38;46;58;59;0;
51;1;17;23;24;25;42;47;0;
50;1;6;16;21;44;57;58;0;
49;1;7;13;33;35;43;55;1;
48;1;2;5;28;34;47;50;0;
47;1;3;17;25;35;48;56;0;
46;1;1;23;24;32;46;60;0;
45;1;7;30;37;44;53;55;0;
44;1;14;18;29;38;44;47;0;
43;1;2;6;17;25;26;58;0;
42;1;7;11;19;24;33;36;0;
41;1;12;26;35;38;39;47;1;
40;1;3;5;8;12;46;47;0;
39;1;12;16;37;45;52;56;0;
38;1;10;42;43;45;54;55;0;
37;1;6;7;22;38;52;60;0;
36;1;3;13;17;25;29;51;0;
35;1;4;16;21;23;54;57;0;
34;1;13;15;17;40;53;57;0;
33;1;5;17;33;39;42;49;1;
32;1;5;14;33;36;43;44;0;
31;1;17;19;28;45;48;56;0;
30;1;7;14;15;29;38;50;0;
29;1;3;8;14;43;56;58;1;
28;1;3;6;22;24;54;60;0;
27;1;13;17;20;33;44;51;0;
26;1;10;22;50;53;57;58;0;
25;1;24;43;50;54;55;56;0;
24;2;1;8;14;28;33;43;1;
23;2;17;37;39;51;52;59;0;
22;2;1;9;31;38;46;56;0;
21;2;6;33;36;46;49;53;0;
20;2;11;25;28;30;33;51;0;
19;2;5;10;12;24;25;60;0;
18;2;23;27;36;37;42;56;0;
17;2;6;10;13;19;20;51;1;
16;2;20;32;34;49;58;60;0;
15;2;12;33;35;51;52;60;0;
14;2;2;16;23;27;47;53;0;
13;2;18;32;47;50;54;56;0;
12;2;4;16;19;20;27;43;0;
11;2;15;25;37;38;58;59;1;
10;2;4;18;21;25;38;57;0;
9;2;8;43;54;55;56;60;0;
8;2;4;17;37;38;47;53;0;
7;2;3;5;20;21;38;56;0;
6;2;7;13;19;22;40;47;0;
668;7;1;2;14;33;49;56;0;
4;2;1;5;6;27;42;59;0;
3;2;10;11;29;30;36;47;2;
2;2;9;37;39;41;43;49;1;
1;2;4;5;30;33;41;52;0;
